prefix,name,gene,moonPhase,attributes__generation,description,image,attributes__trait1,attributes__trait2,attributes__mobility,attributes__intelligence,attributes__ability,attributes__aura,attributes__spirit
MCSPE,Speers,Sabretooth,New Moon,1,"A saber-toothed tiger who is not afraid to take charge and lay out the game plan. With its awareness and insight, Speers brings fierce authority everywhere it goes.",https://ipfs.tothemoon.net/ipfs/QmeZPkLQ1U6oakgb7RhBnBHRVdBYWmnmQ9uPKAW4SUjaV7,Knowledge,Leader,,,,,
MCSPEB,Speers,Sabretooth,Waxing Crescent,2,"Speers is nobody’s fool as it brings unmatched intelligence to the gang. This saber-toothed tiger is a strong, reliable guide who uses its experience to pave the way.",https://ttm.mypinata.cloud/ipfs/QmfXyqisYLSWGZFmkSycHFrZCNeGSW9XuzcQktV5XPhanr,Knowledge,Leader,,,,,
MCSPEC,Speers,Sabretooth,First Quarter,3,"With canine teeth like those, who wouldn’t follow his orders? Just kidding, Speers doesn’t need fear to inspire others, it just does so naturally with its intellect and valor. That’s what makes this saber-tooth tiger the chief it is.",https://ipfs.tothemoon.net/ipfs/QmXQH73KHfE1xQgJJQJMntBJnRENjmVCi7zExsjzYXNShc,Knowledge,Leader,,,,,
MCSPED,Speers,Sabretooth,Waxing Gibbous,4,"As a prehistoric mammal, Speers naturally paves the way on the path of evolution. It's in its bones and those massive canine teeth. This saber-tooth tiger has even more wisdom to lend than in its earlier years.",https://ipfs.tothemoon.net/ipfs/bafkreia3uj53k33ieyeysmspm4lsnr7y4z6et4zqhslu66ybaiozyuusfm,Knowledge,Leader,,,,,
MCHE,Hector,Hippo,New Moon,1,There's only sunshine in Hector's forecast. This hippopotamus is always excited to see what each day has to offer. It is also extremely mindful and honest.,https://ipfs.tothemoon.net/ipfs/QmVGQQcEkMU1j89GuNUDwXkN6swMZZzNX7UZNphY7Vb9XE,Conscientousness,Enthusiasm,,,,,
MCHEB,Hector,Hippo,Waxing Crescent,2,"With more pep in its step, Hector is one happy hippo. It is beyond genuine and always holds itself and others to a high moral standard, thank goodness its amazing attitude keeps that from being a drag to those it cares about.",https://ttm.mypinata.cloud/ipfs/QmYr2UbJ4JBxDV7ZxVjnmE5EhpgRttD9QzPem1jPW7TSus,Conscientousness,Enthusiasm,,,,,
MCHEC,Hector,Hippo,First Quarter,3,"Don’t let its growing size and chompers fool you, Hector is all cheer! This honorable hippo will always choose to do the right thing. Others even consult it on the topic because of its ability to remain high-minded in tough situations.",https://ipfs.tothemoon.net/ipfs/QmcEt8aAGkeCtEw4Ju4fK8mSqenfkkXs3vSaH5kUUA8NMQ,Conscientiousness,Enthusiasm,,,,,
MCHED,Hector,Hippo,Waxing Gibbous,4,Hungry hippo? Try happy hippo! What's not to be happy about when you live true to your principles. Hector has become the master of knowing right from wrong and it lets that guide the way.,https://ipfs.tothemoon.net/ipfs/bafkreidwmnrn56q6jwevhr7mpdksjfbprrlgpaqietsjp6iwfg4gzl3qfm,Conscientiousness,Enthusiasm,,,,,
MCLU,Ludvik,Lizard,New Moon,1,"Ludvik would take the scales off its back and give them to a friend in need. It is a considerate, heart-on-the-sleeve type lizard.",https://ipfs.tothemoon.net/ipfs/QmVrbHYrvntXKM2zQGzB4G8GL2gA2uybbvacLip1oBacpQ,Humility,Generosity,,,,,
MCLUB,Ludvik,Lizard,Waxing Crescent,2,Who said reptiles are cold-blooded? Not anyone who’s met Ludvik. This lizard is among the kindest of the bunch and its undeniable warmth has only increased with time.,https://ttm.mypinata.cloud/ipfs/QmdoyxJ9oH5DZ2YiAuCPmPUTJYBsTibagyD26BoQbMgcVQ,Humility,Generosity,,,,,
MCLUC,Ludvik,Lizard,First Quarter,3,"If Ludvik’s size will be any representation of its massive heart, then this benevolent reptile will have to grow into the frame of the komodo dragon! This lizard is a compassionate creature who never turns down those in need.",https://ipfs.tothemoon.net/ipfs/QmNgNwi7ubtRc3XWk4TmjjDUmLtvbcrPbU44rDbPT33jFV,Humility,Generosity,,,,,
MCLUD,Ludvik,Lizard,Waxing Gibbous,4,"It must be hard to stay so grounded when you've grown into such a powerful, awe-inspiring creature. Not for Ludvik! Regardless of its new upgraded features, this lizard hasn't forgotten the most important one that's been there from the beginning- its heart.",https://ipfs.tothemoon.net/ipfs/bafkreihvrbhn3o3cdakakalfmavpfpsdvdwhohcp5473hg6d2eibxsm2xm,Humility,Generosity,,,,,
MCM,Malaki,Monkey,New Moon,1,"Monkey see does not as Monkey do with Malaki. This creature isn't afraid to go down its own path when it comes to learning and exploring, which it loves to do- all while having a good laugh.",https://ipfs.tothemoon.net/ipfs/QmWze9nnUoZVDXj8EShDAgiTRgnZ8MDLfyo3B3LfRBwhqB,Humor,Curiosity,,,,,
MCMB,Malaki,Monkey,Waxing Crescent,2,"Malaki may appear a bit more dignified and serious, but it is still the same cheeky monkey. Its jokes always come along on the journey of exploration.",https://ttm.mypinata.cloud/ipfs/QmP2NJvG89UjD6GCC2eEZVQ7hq39xyirjkSt8hic2tT9gz,Humor,Curiosity,,,,,
MCMC,Malaki,Monkey,First Quarter,3,"Malaki, a truly inquisitive soul, is a bit more dignified than before, but that has not affected its whimsy. This monkey is constantly cracking clever jokes, in fact, it’s even funnier than before! Must be that growing monkey intelligence the world’s on about.",https://ipfs.tothemoon.net/ipfs/QmU4nEhh1QoTBxpjwaLeJrMhmBJFdWKhQK3b5xfRo6wpiH,Humor,Curiosity,,,,,
MCMD,Malaki,Monkey,Waxing Gibbous,4,"With a much more mature look, it may seem that Malaki has leaned more towards the ""wise"" part of ""wisecrack"" while forgetting about the rest, but that could not be farther from the truth. This monkey has held on tight to that infant-like wonder and continues to decorate the day with laughter.",https://ipfs.tothemoon.net/ipfs/bafkreib3frk5inqjame6t24niffrl5t32udl7i2ujsyc5ao7rn6ppgkkri,Humor,Curiosity,,,,,
MCE,Everett,Eagle,New Moon,1,"Everett can fly high or low, but it will not quit. This eagle knows how to play its best cards based on the hand it’s dealt.",https://ipfs.tothemoon.net/ipfs/QmZ9LsHLcSjjSoecm79Yvd32dBL6gvksRAqqeyLTjUdHLT,Ambition,Versatility,,,,,
MCEB,Everett,Eagle,Waxing Crescent,2,"Of course, everyone wants to fly like an eagle when it gives you the power to make the most of any situation at hand. Little do they know it's Everett’s adaptability and earnestness that grant it that.",https://ttm.mypinata.cloud/ipfs/QmVjFdJGTVKG6wf6YeE9so6KNdzWM4Pv9oGB1Ct5fGNDCA,Ambition,Versatility,,,,,
MCEC,Everett,Eagle,First Quarter,3,"With a much greater wing-span than before, this eagle’s ability to adjust has only strengthened. Along with its adaptability, Everett is a high-flier and would never aim low to mingle with the pigeons.",https://ipfs.tothemoon.net/ipfs/QmR9kMhDnSaXHVvS4oJasU1bAf55pNSQMRrXy7vGTbAN6p,Ambition,Versatility,,,,,
MCED,Everett,Eagle,Waxing Gibbous,4,"With eagle vision that's only sharpened, Everett is ready to lock eyes on the destination no matter how far or tough to reach. This creature is prepared to soar in any direction at a moment's notice.",https://ipfs.tothemoon.net/ipfs/bafkreich2bs46rmuiyvudvnx7f2pghfsvvxt2c3zeog2foccjgm5jkfaay,Ambition,Versatility,,,,,
MCR,Roz,Rabbit,New Moon,1,"This rabbit is quick on its feet. Roz is one mother fluffer who will knock your socks off with its spunk, then smooth it all over with undeniable charisma.",https://ipfs.tothemoon.net/ipfs/QmTzb7keqRdmuFyBuXrHcwjgmuBCC4UvNoJ4LnRgL5BK2W,Wit,Charm,,,,,
MCRB,Roz,Rabbit,Waxing Crescent,2,"A bit more devious (but in a good way), than before, Roz is the ultimate firecracker. Its sometimes sneaky manner comes from its developed smarts and is just part of that rabbit magnetism.",https://ttm.mypinata.cloud/ipfs/QmQW1k3CFKRYyyDrqcvw6yvnfHTmQh599vwrpQ5DcVEjF6,Wit,Charm,,,,,
MCRC,Roz,Rabbit,First Quarter,3,"With more pop in its hop, this rabbit is the clever, quick furball it always was. All eyes are on Roz when it walks into a room because people can’t help but notice its verve.",https://ipfs.tothemoon.net/ipfs/QmQtpAMZvfU2wknyJJcfESmxvB3VXSa4mq2KiUmabATAWW,Wit,Charm,,,,,
MCRD,Roz,Rabbit,Waxing Gibbous,4,"This zesty bunny is back and spicier than ever! Everybody loves a little (or a lot) of Roz. With its mental and physical agility, it's always go time for this rabbit.",https://ipfs.tothemoon.net/ipfs/bafkreibbim47f2pffewonj2bpvfspicydzssayxaqws4to4fatmrh424my,Wit,Charm,,,,,
MCL,Lennox,Lion,New Moon,1,"Lennox is a grounded, practical lion who always recognizes its blessings and reminds those around it to do the same. This creature is the voice of reason in the group and acts as an anchor for the Cryptonauts in space.",https://ipfs.tothemoon.net/ipfs/QmdV9RnLGf9PwsPpepVu5WP52ibmSPVKD31NE69h1qgWit,Gratitude,Logic,,,,,
MCLB,Lennox,Lion,Waxing Crescent,2,"This down to earth lion is still jotting away in its gratitude journal, counting its blessings. The oh-so pragmatic Lennox is certainly the more sensible of the creatures.",https://ttm.mypinata.cloud/ipfs/Qmddrjn3dvd2TfciFsJE6XECVAh78fnX7W8rrvuLYbn6ts,Gratitude,Logic,,,,,
MCLC,Lennox,Lion,First Quarter,3,"With an even steadier, more-grounded stance than before, Lennox thanks the universe it has reached yet another phase of its life! This lion’s bright mane matches its mind.",https://ipfs.tothemoon.net/ipfs/QmUGNbxvFde9N59VSWXZHVoPh7Pf6xEPou6HcnAmQokZXe,Gratitude,Logic,,,,,
MCLD,Lennox,Lion,Waxing Gibbous,4,"Not only has that vibrant mane grown, but so has Lennox's mindfulness. With the ability to let reason reign and remember all the blessings this stance has brought it, this lion is a solid, unstoppable force.",https://ipfs.tothemoon.net/ipfs/bafkreigchsd4rjbfsnu3nm5fyjnn6b6ugerxkao4u5qu6ppaoc7rwsa2x4,Gratitude,Logic,,,,,
MCCO,Cobie,Camel,New Moon,1,"Every day for Cobie is like a game of trust fall with the universe- and it wins every time. This camel knows it is being guided, and that conviction helps lead the way.",https://ipfs.tothemoon.net/ipfs/QmSUgL6i6HkbpnPB4KaS5RKNGgWmNiS5seuJNfs5LremSE,Intuition,Faith,,,,,
MCCOB,Cobie,Camel,Waxing Crescent,2,"Cobie has proven that even through the driest and widest of moon terrains, it will make it, thanks to its trust in the universe, who it is always working in cahoots with. This camel is in a constant state of cahoot-iverse.",https://ttm.mypinata.cloud/ipfs/QmQpb7AVcQfTR24F7MAtjmxXK8fCYJvSgGN7QfsNCd7VDu,Intuition,Faith,,,,,
MCCOC,Cobie,Camel,First Quarter,3,"Together with the universe, Cobie has managed to make it through the longest droughts the moon has ever seen. This camel has never doubted the path it's on because it knows if it practices complete acceptance, it’ll always lead to where it needs to be- and most of the time that happens to be near a generous supply of fresh water!",https://ipfs.tothemoon.net/ipfs/QmPtdikHoAhfoZx7oVPfSwmWb4YHsZP4or4ktu8mHnSK6Y,Intuition,Faith,,,,,
MCCOD,Cobie,Camel,Waxing Gibbous,4,"Ready for the long road ahead, Cobie has a come what may attitude that allows it to accept the current situation, whatever it is. It doesn't matter that fur covers this camel's eyes because the universe always leads the way.",https://ipfs.tothemoon.net/ipfs/bafkreibi4fv5hsefwkfn37czv3shufusb3lk4lisvajg6xmlkl34qny4za,Intuition,Faith,,,,,
MCMO,Morfyn,Moose,New Moon,1,Morfyn can always find the silver lining to a dark cloud. This moose is bright both in its outlook and smarts.,https://ipfs.tothemoon.net/ipfs/QmR8TEh3vhWMYtKexNP1yPmXTf3YjQi5iCSAbN4HAiY9te,Optimism,Clever,,,,,
MCMOB,Morfyn,Moose,Waxing Crescent,2,"Looking very regal these days, Morfyn has maintained its sunny outlook through countless dark nights. This is perhaps what makes it stand so tall. This moose is also extremely resourceful and astute.",https://ttm.mypinata.cloud/ipfs/Qmf2qDwuVxx9NxJLqGUB5X2U76ZV7Zfoxhz4prWTfMMAZS,Optimism,Clever,,,,,
MCMOC,Morfyn,Moose,First Quarter,3,"With currently the largest antlers on the moon, Morfyn is also one of the most assured of the creatures. This brilliant moose is certain that with the right mindset, one can get through anything.",https://ipfs.tothemoon.net/ipfs/Qmc14vVpebRG7KG2TzyzsgUxksE6Tw4wu9Awe6zJ1mLg4e,Optimism,Clever,,,,,
MCMOD,Morfyn,Moose,Waxing Gibbous,4,This ray of sunshine is smart enough to know that all will end well for those that believe it. Morfyn is a master at keeping the faith and standing even taller through tough times. This moose never lets worry get a hold of it.,https://ipfs.tothemoon.net/ipfs/bafkreih3ub3asls4xricdbvrx2y2ayktozdbtn2t7kvplhx7h7mrjyp6aq,Optimism,Clever,,,,,
MCBO,Boaz,Bovine,New Moon,1,"With an unlikely serene energy, Boaz is a true gentle giant. A bit of a shy bull, it searches for ways to help those in need.",https://ipfs.tothemoon.net/ipfs/QmW3DCEJ1ifprSAooojXbQaxkQtRNVXMsekxGxv4QLSioc,Humility,Calm,,,,,
MCBOB,Boaz,Bovine,Waxing Crescent,2,"Regardless of its less cute and more intimidating appearance, Boaz is still the kind-hearted, softie it always was. The only thing this bull will fiercely fight for is its friends.",https://ttm.mypinata.cloud/ipfs/QmZmCU7GuVCS7rjVQNqz1HrUPBy7qVpaRuKdfEE4Kku9WJ,Humility,Calm,,,,,
MCBOC,Boaz,Bovine,First Quarter,3,"Boaz has still not grown into the aggressive, angry bull stereotype we’ve all heard of- And thank goodness for that because everyone loves this tender, gentle soul just as it is.",https://ipfs.tothemoon.net/ipfs/QmNhtVY9MAX1ULqTzNvHFftk765beCvMFM3ZbyJBJMojFb,Humility,Calm,,,,,
MCBOD,Boaz,Bovine,Waxing Gibbous,4,"Looks are always deceiving when it comes to this creature. Boaz's soft demeanor has only been further ingrained in its personality, in spite of its menacing appearance.",https://ipfs.tothemoon.net/ipfs/bafkreidlqp52nqad3pn2jyxeiplzf6743ine73kipotrzexe4owvqqtnda,Humility,Calm,,,,,
MCDR,Drucie,Deer,New Moon,1,"Drucie is sure of its creative capabilities. A true artist at heart, this deer is not afraid to colour outside the lines, then proudly sign its name across the top.",https://ipfs.tothemoon.net/ipfs/QmWaoGoebYv6R9LmaYHYcEZTU42qpnoNQJavap4gS4TP1h,Confidence,Imagination,,,,,
MCDRB,Drucie,Deer,Waxing Crescent,2,"Drucie’s on-of-a-kind, magnificent antlers reflect its creative soul. This unique deer is not only sure of its artistic skills, but also its ability to handle what may come.",https://ttm.mypinata.cloud/ipfs/QmXUFRxFswhU7jXk8uY9dn2zkA4r2ngKjSuPuNn1HAKgxN,Confidence,Imagination,,,,,
MCDRC,Drucie,Deer,First Quarter,3,Drucie’s stance now reflects the type of self-certainty that only comes with growing up. This deer’s original artistic approach cannot be ignored as it has proven to be quite the visionary.,https://ipfs.tothemoon.net/ipfs/QmYz3HztCWkanGypMTAgHA61m93atHWuM7mzFDN8pVayo2,Confidence,Imagination,,,,,
MCDRD,Drucie,Deer,Waxing Gibbous,4,"Drucie has learned to use its art to manifest great blessings! This deer knows that if it can dream it, it can do it. As a result, once paint is put to paper, it considers it done.",https://ipfs.tothemoon.net/ipfs/bafkreifrjbkprqo5gla7awthgtsfvibhmnhehs44dp6ppzn5ecdx2zlcgi,Confidence,Imagination,,,,,
MCCHA,Chalkly,Chicken,New Moon,1,"Just like its beak, Chalkly is unbreakable. This chicken is not afraid to cross the road and knows just what it is made of.",https://ipfs.tothemoon.net/ipfs/QmcrGuApNDS2xVM5Pi8ao7wvJDgvxuR3GZJYPkzAzQtX1S,Confidence,Determination,,,,,
MCCHAB,Chalkly,Chicken,Waxing Crescent,2,"This spunky chicken will not back down. Chalky is sure of itself and its capabilities, proving all those chicken jokes wrong.",https://ttm.mypinata.cloud/ipfs/QmNLp3Tkkj5mdvieFKDkCrPaZwZFbrd4LbcizeAVGuE2rM,Confidence,Determination,,,,,
MCCHAC,Chalkly,Chicken,First Quarter,3,"With an appearance that finally matches its fortitude and boldness, Chalky’s cluck comes with a bravado that’s supported by true courage. This is the chicken you want by your side if you’re scared of the dark and in a galaxy-wide blackout.",https://ipfs.tothemoon.net/ipfs/QmZetvPE5JwwULGM9GS2Ky8VTUkooLPJeSt3PJ8d6KYfQu,Confidence,Determination,,,,,
MCCHAD,Chalkly,Chicken,Waxing Gibbous,4,"With a much more gallant look than before, Chalkly's appearance matches its brave and daring personality. This chicken doesn't wait on any eggs to hatch to make a move. It knows when the time is right and won't be waiting on external cues.",https://ipfs.tothemoon.net/ipfs/bafkreiekvsua2nf3gh5j4ez6ktasm3n6ahsat2taho5t74l3js6q7lherm,Confidence,Determination,,,,,
MCFO,Fortuna,Flamingo,New Moon,1,"Fortuna believes true fortune is not tied to material belongings, but instead- appreciation for one another in the form of relational wealth. This flamingo values kindness and compassion above all else.",https://ipfs.tothemoon.net/ipfs/QmNNe6jv7ML2fifC7VSWRvgppfuPDtKcovh55ArQhQmndk,Respect,Humility,,,,,
MCFOB,Fortuna,Flamingo,Waxing Crescent,2,"Fortuna’s beauty does not only come from its elegant appearance, but its love and tenderness for those around it. This is a flamingo that knows where its fortune lies- in its massive heart.",https://ttm.mypinata.cloud/ipfs/QmTt2axKbenj6KiqXFWLZbUaWLAsXEu6fGRzUYmQEbEc1E,Respect,Humility,,,,,
MCFOC,Fortuna,Flamingo,First Quarter,3,"A truly flawless creature who’s refinement is undoubtedly more than feather-deep. It is the tenderness of Fortuna’s heart that catches the eyes of those around it. This flamingo has not forgotten what is important in life, even with its increasing beauty.",https://ipfs.tothemoon.net/ipfs/QmZFCRqRVm5ACbouQ3tFqqaiF6tJc6Xcw5jWccVqAhFv6Z,Respect,Humility,,,,,
MCFOD,Fortuna,Flamingo,Waxing Gibbous,4,Fortuna knows that the secret to its striking elegance lies on the inside. This flamingo's self-care routine is all about the internal with focus on its growing benevolent heart and down-to-earth demeanor.,https://ipfs.tothemoon.net/ipfs/bafkreiauptae6ityh3t3pm4wjeo4e6vn7mwwrr4uiw2iqpv7sgrfjilmfq,Respect,Humility,,,,,
MCK,Keats,Kangaroo,New Moon,1,This kangaroo knows that when nothing goes right…make up an entire new direction. Keats' flexibility and vision serve it very well as it navigates through the moon's terrain.,https://ipfs.tothemoon.net/ipfs/QmWHvGAGkscycdkSqvRrfbGJGL4WvBDuM1AVxRMFF5PWR5,Adaptability,Imagination,,,,,
MCKB,Keats,Kangaroo,Waxing Crescent,2,"Always ready for wherever its tail may take it, Keats embraces its ingenuity. This kangaroo knows no matter where it has to go, its creative approach will help it adjust.",https://ttm.mypinata.cloud/ipfs/Qmf6L86S25s4CqWsKMLGQQTxNKFt3EuoUt9Mm1dwNbnqhQ,Adaptability,Imagination,,,,,
MCKC,Keats,Kangaroo,First Quarter,3,"Certainly among the more unconventional creatures when it comes to approach; Keats has grown into a true original with an inventive spirit. Now, it is able to rely on its quick feet, along with that trusty tail of its.",https://ipfs.tothemoon.net/ipfs/Qmd7TxADEwwcuZHwAPsyLsNU5oQ5Dnirf118vTXWaY151T,Adaptability,Imagination,,,,,
MCKD,Keats,Kangaroo,Waxing Gibbous,4,There's no telling which direction that tail may go anymore! But one thing is for sure- Keats will adjust in a more innovative way than the time before. This kangaroo has grown into an original genius.,https://ipfs.tothemoon.net/ipfs/bafkreibrvcuko2qyxdapcrohplisptp53ydztqucmkscluvllfr27yae54,Adaptability,Imagination,,,,,
MCEM,Emyra,Elephant,New Moon,1,Emyra is very trustworthy and sensible. This practicality is balanced out by the elephant's idealism and undying hope that good will always prevail.,https://ipfs.tothemoon.net/ipfs/QmRBDUHSgSgGRAgetqvNEvWDSWxh2egq2ZSYfBN1FNAA2z,Optimism,Responsibility,,,,,
MCEMB,Emyra,Elephant,Waxing Crescent,2,Emyra’s positivity shines through any darkness as it lets its trunk show it the way to brighter days. This reliable elephant shows up and moves forward no matter what.,https://ttm.mypinata.cloud/ipfs/QmXHZzFb5hgG9JyH71rxkChRKytddg6NWn2DNvVcDqiSxj,Optimism,Responsibility,,,,,
MCEMC,Emyra,Elephant,First Quarter,3,Emyra and its growing trunk can handle whatever may come their way. This elephant is a steady force who understands a sunny outlook is enough to get through any storm.,https://ipfs.tothemoon.net/ipfs/QmZyQX5fJ3NaBijK7h5NydMu38KzxXMf1qYinVk1xEPBSq,Optimism,Responsibility,,,,,
MCEMD,Emyra,Elephant,Waxing Gibbous,4,"They say an elephant never forgets. Well, Emyra hasn't and will never forget to stay positive- no matter the hardship. Call upon this dependable creature night or day and it'll be there- massive trunk and all!",https://ipfs.tothemoon.net/ipfs/bafkreia7offeupfx6n5dwscognt7gflthvi5iexy5jb7bilt7chr76h5aq,Optimism,Responsibility,,,,,
MCWY,Wynter,Wildcat,New Moon,1,"With a chirpy, come-what-may attitude, Wynter is always prepared for anything. It is one spirited and bold wildcat.",https://ipfs.tothemoon.net/ipfs/QmcmipgPAvuamusMLsrYshDBuSuhdPDWDMt1Vhgg23FExY,Versatility,Alert,,,,,
MCWYB,Wynter,Wildcat,Waxing Crescent,2,"This wildcat is prepared to embrace what lies ahead with paws wide open. Along with its improved, steadier stance, Wynter is even quicker and more agile than ever.",https://ttm.mypinata.cloud/ipfs/QmevmYvExvXP3inkUn2ovw7bUiHhEvosREoi952BvQVJqM,Versatility,Alert,,,,,
MCWYC,Wynter,Wildcat,First Quarter,3,"It may look like a cool cat, but Wynter is definitely more wild than it is cat. Its ability to adapt at any given moment comes from this creature’s killer senses that have strengthened with time.",https://ipfs.tothemoon.net/ipfs/QmZFqp4i5Pki31qFhxwmrYDzQ7c6CG957hiLgWmRDPNwKL,Versatility,Alert,,,,,
MCWYD,Wynter,Wildcat,Waxing Gibbous,4,"As its name may suggest, Wynter can weather any storm. This wildcat has fully grown into the title as even the universe's harshest season can't catch it off guard. That doesn't mean the heat can either; it's one adjustable cat.",https://ipfs.tothemoon.net/ipfs/bafkreibttsjysjgiutvf3h2p76it77wvkzapfz6pdrpirpc6bh6qwr55za,Versatility,Alert,,,,,
MCS,Sirius,Snake,New Moon,1,"Sirius does not get distracted easily, which makes it one scrupulous snake. It may be strict, but only out of the desire for a greater good when it comes to reaching the group's common goal.",https://ipfs.tothemoon.net/ipfs/QmQkaBKAEb4HjC3HPWPUjqFNCPAX2NxMzZ81RG9FomCp8y,Discipline,Focus,,,,,
MCSB,Sirius,Snake,Waxing Crescent,2,"This snake has not shed its fastidious skin, but it’s definitely for the better. Sirius’s trustworthy and dutiful nature makes it as solid as a rock, regardless of its ability to slither through the tiniest of places like a liquid.",https://ttm.mypinata.cloud/ipfs/Qmcm3MuHrJvUUrJzCrb91wY4nqzsbsa6r3kzAHnsX1EWnR,Discipline,Focus,,,,,
MCSC,Sirius,Snake,First Quarter,3,"Never to be described as a flake, even when shedding, Sirius is one tenacious soul. It is allegiant to its cause and regardless of the malleable back bone, this is one snake you can always fall back on.",https://ipfs.tothemoon.net/ipfs/QmeHkKHeNnw1KNQ2oY27jxQEgZshdbeSpLw4wGq5ser3Ve,Discipline,Focus,,,,,
MCSD,Sirius,Snake,Waxing Gibbous,4,"As enduring as the scales on its back, Sirius is one unyielding snake. Once the group decides what's best, this snake is there to make it happen one way or another. If there's anything its enemies have learned over the years it's to let Sirius slither on by.",https://ipfs.tothemoon.net/ipfs/bafkreiha5tgbtjdjolbmwoxygijzwgbjfriq7gxhs25ckb6bb4oajg5g7i,Discipline,Focus,,,,,
MCF,Fender,Frog,New Moon,1,"Quick on its feet, this frog has all the other creatures in stitches with its constant banter. Fender is a real punster who finds the humour in everything.",https://ipfs.tothemoon.net/ipfs/QmRnBXL69mHsAfxLDNRMVCBuzcLtB8wbFa6LbDGhqyVMkX,Humor,Wit,,,,,
MCFB,Fender,Frog,Waxing Crescent,2,"Even funnier than before (if that was even possible), 2nd Generation Fender still has the jokes, only now there is more wisdom to its wise cracks. Who knew that a developed sense of humor would be a mark of maturity?",https://ttm.mypinata.cloud/ipfs/QmXDbRmdwhbNxMuWyVMC9EsqzkN9dUZK55A6fe7GTPX9Qc,Humor,Wit,,,,,
MCFC,Fender,Frog,First Quarter,3,"It may have more muscles, making it one strong frog, but its goofy tongue and personality have not gone anywhere. Fender is still the comedian it was before who’s always looking to share a laugh.",https://ipfs.tothemoon.net/ipfs/Qme1zQAEPRCgB4iBY9zZTsntYGr1gJAUJk5fvujfX1Nqar,Humor,Wit,,,,,
MCFD,Fender,Frog,Waxing Gibbous,4,"Its ready stance and developed body may make it seem like a menacing force but make no mistake, Fender is still the entertaining frog that once used that cute little croak to make its way into the hearts of all.",https://ipfs.tothemoon.net/ipfs/bafkreidmiotvrzagftxpll4ove4ocw7wqiobpoqpts6ivyacag7e2ekzxu,Humor,Wit,,,,,
MCCL,Clause,Crab,New Moon,1,"Whatever the waves washup, Clause is ready to handle it. This crab is steadfast when it comes to reaching a final goal, but flexible with the way it does so.",https://ipfs.tothemoon.net/ipfs/QmUCaqcwrPyTsrMfFtCwrt9JwC4vpxwy5UnSdq3AUAua8k,Versatility,Responsibility,,,,,
MCCLB,Clause,Crab,Waxing Crescent,2,"Being a creature of the water, you wouldn’t think Clause could be so grounded, but rest assured this is one trustworthy crab. However, this does not mean it is rigid. Clause is always prepared to adjust its methods.",https://ttm.mypinata.cloud/ipfs/QmatHKf8E4wek6mhoX9MJzHSigA5vTBKjpB1HcYFYiX8A2,Versatility,Responsibility,,,,,
MCCLC,Clause,Crab,First Quarter,3,"Ready to walk in all directions, Clause reacts to the way of the water. Also, good luck catching this crab off-guard since it is extremely reliable and always prepared.",https://ipfs.tothemoon.net/ipfs/QmSK3Bms1Quy1Cz3w8Wz47cFH4Rz16yzfGrCJ6tjPawJAo,Versatility,Responsibility,,,,,
MCCLD,Clause,Crab,Waxing Gibbous,4,"Ready to snap in any direction necessary, Clause would never abuse its powers. Over the years, this crab has learned that in order to be skilled, one must practice restraint.",https://ipfs.tothemoon.net/ipfs/bafkreihpkcfyqc3nb2bb4zejrxoacnh7y5wwdfim5djmuzcwgxwoa3slqe,Versatility,Responsibility,,,,,
MCFI,Fisk,Fish,New Moon,1,"Though it is still outgoing, this fish brings forward a sense of peacefulness with it. These yin and yang aspects to its personality give Fisk the perfect balance when it comes to making new connections.",https://ipfs.tothemoon.net/ipfs/QmY4yCMsfdU4GoNuHceCCBdZ7XqZNXz6z2DvCaV54WG9P6,Sociable,Calm,,,,,
MCFIB,Fisk,Fish,Waxing Crescent,2,"Friendlier than ever, Fisk is more of an open-up-once-you-get-to-know-it creature. This fish has an ease to it, which is what attracts all of its 49 best friends.",https://ttm.mypinata.cloud/ipfs/QmY9pLGZ4FPmzCH6HLjfNvDbmB9gZrpxbUgNY8XijvhFR6,Sociable,Calm,,,,,
MCFIC,Fisk,Fish,First Quarter,3,"Still the low-key presence it always was, Fisk is now the center of the entire creature’s social circle- forget the fish school! If you asked it, it’d deny it, but this fish’s composed nature and no-effort approach make it the one everyone wants to be around.",https://ipfs.tothemoon.net/ipfs/QmPPNn3SZRYfG8Rwx11WQ6rBwTyBc7ZumboWVhqDPP6wPb,Sociable,Calm,,,,,
MCFID,Fisk,Fish,Waxing Gibbous,4,"There are no other fish in the sea like Fisk. Its trademark soft demeanor has only attracted more friends throughout the years and will continue to do so…all done effortlessly, of course!",https://ipfs.tothemoon.net/ipfs/bafkreifwnvtwkpjc3wthvmhypdf6d4ir6cnihjmxrdp776gthgygoszwum,Sociable,Calm,,,,,
MCRI,Ridley,Rhino,New Moon,1,The desire for more comes with great obligation to achieve. Ridley is a rhinoceros who does not fool around when it comes to accomplishing what it set out to.,https://ipfs.tothemoon.net/ipfs/QmaWhj3E1iyPL4n5XEgW7gTxBtaxW3tmgLX249u5wLgy9u,Ambition,Responsibility,,,,,
MCRIB,Ridley,Rhino,Waxing Crescent,2,Ridley is always ready for more. Its hunger for greatness is luckily supported by its capacity to go for it. This rhinoceros is even more steadfast in its pursuits than before.,https://ttm.mypinata.cloud/ipfs/QmSuNGrGKDpqtodU1GZWuUiNNGyCroTYd77XSaJTeTJcou,Ambition,Responsibility,,,,,
MCRIC,Ridley,Rhino,First Quarter,3,"Now-a-days, the only thing different about Ridley is its newfound ability to enjoy the pursuit. Over three tons of relentlessness, this rhino is ready to pull out all the stops to get where it wants to go.",https://ipfs.tothemoon.net/ipfs/QmanU5KPF2NtPL7Lpy3rkkVP1i2A22XQHqfu7BMrCnZWAP,Ambition,Responsibility,,,,,
MCRID,Ridley,Rhino,Waxing Gibbous,4,"Always aiming its focus on the next step and discovering new ways to improve, Ridley can never be described as stagnant. This rhinoceros knows if it wants something to change, it's got to initiate it and boy, does it ever.",https://ipfs.tothemoon.net/ipfs/bafkreihezsz2jk4vbbifgpnkzgeofte52t735t2zk7zg5h6sk4qil3pd74,Ambition,Responsibility,,,,,
MCC,Claxton,Crocodile,New Moon,1,"Claxton loves its dad jokes and always shares them to get a laugh going. This croc believes laughter is the best way to brighten everyone's day, so the jokes just keep on coming.",https://ipfs.tothemoon.net/ipfs/QmQN27z2kZ3SqfnZk155KD2hmkzL7tUrSwkSzKh4JCn84c,Humor,Kind,,,,,
MCCB,Claxton,Crocodile,Waxing Crescent,2,"Claxton is one cheery champ! This jokester of a croc drops those puns like they are going out of style…maybe because they already are, but it doesn’t need to know that, as it's part of what makes it so loveable.",https://ttm.mypinata.cloud/ipfs/QmUU4s68a7wd25WuNQbHcR1GJ6c65o9P18LoS4uVcqqT25,Humor,Kind,,,,,
MCCC,Claxton,Crocodile,First Quarter,3,"As if its jokes couldn’t get any cheesier, third generation Claxton came around. It may appear more serious than before, but that could not be farther from the truth as Claxton is still the loveable, wise-cracking croc who hatched from its mother’s egg long ago!",https://ipfs.tothemoon.net/ipfs/Qmaw7nKnPG37Pm9rpz59tWvrSDXWrTybknNVphQvGZHdXt,Humor,Kind,,,,,
MCCD,Claxton,Crocodile,Waxing Gibbous,4,Good luck not cracking up with this croc. No crocodile tears here. This creature is genuine and only looking to spread the love.,https://ipfs.tothemoon.net/ipfs/bafkreiblhta3hnzw3qzrl2itox4twt72n6jw7loi2sh7n27uxfmjfkqx74,Humor,Kind,,,,,
MCDO,Dottie,Dolphin,New Moon,1,"A bit timid, Dottie explores in its own way. This dolphin can be described as serene, but is always eager to find out what lies beyond its current view.",https://ipfs.tothemoon.net/ipfs/QmVQFQRPxJH6D5HGU6no985G9cdeSi3qe2EKPHynMGeQFq,Curiosity,Calm,,,,,
MCDOB,Dottie,Dolphin,Waxing Crescent,2,"Like still water at the end of a windy day, Dottie brings peace and therefore, a balance to the many animated, eccentric characters of the group. This dolphin still takes its time to find what the deeper waters hold.",https://ttm.mypinata.cloud/ipfs/QmVSfyMdFWoUndo4JecvBwJtpRTSU6DyhEtzSaHJyEEAtD,Curiosity,Calm,,,,,
MCDOC,Dottie,Dolphin,First Quarter,3,"Dottie is still the low-key soul of the sea it always was, but now, this dolphin has discovered plenty previously unknown parts and earned its explorer title among the bunch.",https://ipfs.tothemoon.net/ipfs/QmdkBjDMRnxYpULTRe79guyZpScukrUqtDVFoUSmZSTSVk,Curiosity,Calm,,,,,
MCDOD,Dottie,Dolphin,Waxing Gibbous,4,"Dottie is now the group's go-to for discovering what lies beyond the reefs already conquered. However, in doing so, they have learned to accept that it works in its own way and time. Because of its slow and steady approach, this dolphin never misses a thing.",https://ipfs.tothemoon.net/ipfs/bafkreigxpa77s2nnjqxt6ax3siywb23uhexwx4rlhmecfe2ojrrr36wsgq,Curiosity,Calm,,,,,
MCSH,Sheldon,Shark,New Moon,1,"Sheldon always has a shark tale to tell. Everyone is its closest, dearest friend, including strangers since it is an open book letting all read about its exciting life.",https://ipfs.tothemoon.net/ipfs/QmSFLMgJuEQjtuV585qhCZuENrHMAeRrXmw1Uhq52sLh3f,Sociable,Charisma,,,,,
MCSHB,Sheldon,Shark,Waxing Crescent,2,"Shark tales? Please, now all gather to hear Sheldon’s legendary shark novels! Its many friends recognize its way with communication and relationships, so all stay close.",https://ttm.mypinata.cloud/ipfs/QmbwPyyosDoUh4Zpss6XrdYKXxD2GQCP9bN9Xw41WMapZc,Sociable,Charisma,,,,,
MCSHC,Sheldon,Shark,First Quarter,3,Ever heard of a shark who’s popular among schools of fish? That’s Sheldon. A one-of-a-kind storyteller that attracts all walks of life (including supposed-to-be prey) with its magnetic ways.,https://ipfs.tothemoon.net/ipfs/QmQaRTNi15peCoC7BNDZS61QyGqrAgut53rN7FhWRWzQjU,Sociable,Charisma,,,,,
MCSHD,Sheldon,Shark,Waxing Gibbous,4,And so the story goes on…Sheldon has become the moon's resident storyteller. This shark uses the activity to bring everyone together simply to blow them away. Only such a large jaw could share lofty tales like these.,https://ipfs.tothemoon.net/ipfs/bafkreidskv5dkbsjq3y6xivdl4su4cklvfkm2ymfsisjewwrcunzi5vr6u,Sociable,Charisma,,,,,
MCBR,Bromley,Bear,New Moon,1,"Bromley is a bear of its word, with a way of words. It is quick on its feet and will make others laugh, but always while maintaining pure dignity of itself and others.",https://ipfs.tothemoon.net/ipfs/QmSyobfdpFjyd5GizhGPsZWL1ExR7DzRe5yLBEr19EsQHG,Wit,Respect,,,,,
MCBRB,Bromley,Bear,Waxing Crescent,2,"Still a cute teddy, growing into his size, Bromley is more honest and noble than ever. This bear’s quick, playful humor makes it an unforgettable bruin.",https://ttm.mypinata.cloud/ipfs/QmTbFBr7PeU7o2mDQZ1XMrCg7fNcZSX8gq8vmbwsHPkYkz,Wit,Respect,,,,,
MCBRC,Bromley,Bear,First Quarter,3,All have been waiting for Bromley to come out of its long slumber with its crafty one-liners. It’s been a long winter without this magnanimous cub.,https://ipfs.tothemoon.net/ipfs/QmY83u5tYvab15qkDmbZa8FEjX4qyN1CyMwGdBhMnNeBjp,Wit,Respect,,,,,
MCBRD,Bromley,Bear,Waxing Gibbous,4,"After really packing on the pounds- and puns- this winter, Bromley is back and more considerate than ever. This bear doesn't let anything stop it from keeping itself dignified and the gang in stitches!",https://ipfs.tothemoon.net/ipfs/bafkreiglvkg5hkseduc3lpob35lz4cmcyyo5mnzdc32stbqff2itunmbzq,Wit,Respect,,,,,
MCPE,Pezi,Pig,New Moon,1,"The type of pig who values hard work and a job well done. Pezi doesn't let the carefree slackers fall behind because it wants to see everyone succeed for their own self-worth, as well as the well-being of the group.",https://ipfs.tothemoon.net/ipfs/QmZy6kVdWLTHzG5ezpktM8PDnTLP9DkTxJ9mkTKigSA5pm,Logic,Discipline,,,,,
MCPEB,Pezi,Pig,Waxing Crescent,2,"This is no lazy pig. If anything, Pezi is even more meticulous than in its baby days. It has the gift of rationality to reach the other side of any challenge it may face.",https://ttm.mypinata.cloud/ipfs/QmbDQKsPGrcW2cUTbq8ci326bjetwkRggKQSp3i4Z9KdZd,Logic,Discipline,,,,,
MCPEC,Pezi,Pig,First Quarter,3,"Pezi may look like a bit of a backbreaker, but that’s because it totally is. This pig will not rest or go for a roll in the mud till the job is done. Don’t worry, it’s just as hard (if not harder) on itself than with others.",https://ipfs.tothemoon.net/ipfs/QmWPkqKE8h4rSFUt5MVnwFAsekaPdyDxj3YYc8XG5HeC2i,Logic,Discipline,,,,,
MCPED,Pezi,Pig,Waxing Gibbous,4,"Pezi is now old enough to know how to soften its hard, tough-love approach. With the gift of reason, this pig can move mountains and persuade the group to join in on the fun.",https://ipfs.tothemoon.net/ipfs/bafkreigvlbmx74ivsdmjhjz5hlbsfydjqjksl3j2o7otf7a3253u2kjis4,Logic,Discipline,,,,,
MCP,Piper,Penguin,New Moon,1,"A penguin that has a guiding feeling, a sixth sense, a trusting calm. Piper is the little glimmer of light found in the deepest dark and always shows the way.",https://ipfs.tothemoon.net/ipfs/QmWvZ9nhg43eLwnV32Vg5TmF5sWT8G2treWuh7kxTGwYDX,Intuition,Faith,,,,,
MCPB,Piper,Penguin,Waxing Crescent,2,"Piper has only grown more confident in itself, the universe and its cuteness. This penguin’s gut feeling is not to be ignored.",https://ttm.mypinata.cloud/ipfs/QmYH9PkwoWY7LkXfPqC225c85qNvgeaJzGs9pheCzuqRVx,Intuition,Faith,,,,,
MCPC,Piper,Penguin,First Quarter,3,"Piper has grown into a self-assured adolescent who is now a force to be reckoned with. Its little ""hunches"" have developed into powerful feelings and visions that lead the way for this penguin and those around it.",https://ipfs.tothemoon.net/ipfs/Qmek7mfMZEjZJVrgx11fpkpwqc3nuRnUyLkfB6XhN58KqF,Intuition,Faith,,,,,
MCPD,Piper,Penguin,Waxing Gibbous,4,"Piper now has years of experience proving that its instincts lead to the most hidden of truths, which only makes it stronger. This penguin has spent its entire growing up part of life proving that unwavering belief lights the darkest tunnels.",https://ipfs.tothemoon.net/ipfs/bafkreieejgkhvcyudrc3jnx7zbh327hulw2rqcx5swmt7w7lbnuntywu7e,Intuition,Faith,,,,,
MCDAR,Dart,Dodo,New Moon,1,"With aim set on target, Dart will never miss. It is an unshakable and skilful master in its own Dodo way.",https://ipfs.tothemoon.net/ipfs/QmQhiDiTaqkC7r2HkVbmriVyyLY87vkE12zfRWzgS7aPJm,Talent,Focus,,,,,
MCDARB,Dart,Dodo,Waxing Crescent,2,"This Dodo doesn’t need the gift of flight, while it has impeccable aim. Dart’s persistence is another quality that shadows the false stereotype of its species’ unintelligence.",https://ttm.mypinata.cloud/ipfs/QmTCKRTBoQQ391QCrvgZAmKMTbJ5YPaTk8hmTvpCktodaF,Talent,Focus,,,,,
MCDARC,Dart,Dodo,First Quarter,3,"Proving that sense of direction is not within a bird’s wings, Dart is doing just fine without them. This Dodo has only gained greater concentration with the passing of time.",https://ipfs.tothemoon.net/ipfs/QmZGquURsV9WAuvjmrRU4MXbLte78cECzTJYXQGWYKaau6,Talent,Focus,,,,,
MCDARD,Dart,Dodo,Waxing Gibbous,4,"Bullseye! With precision like Dart's it's harder to miss than to hit a target. There's no distracting this dodo. It's got nowhere to fly off to, so its spotlight is always set on what's in front of it.",https://ipfs.tothemoon.net/ipfs/bafkreiaslvwua273vbcndc7f4563ws7vdftlzpnc7vjmqcomwo5cdmpww4,Talent,Focus,,,,,
MCGU,Gunder,Goat,New Moon,1,"Gunder is its own symbol for good fortune. A master at keeping spirits up, even when circumstances don't look the best.",https://ipfs.tothemoon.net/ipfs/QmaSV8zhEKFU3VuUfDbGj99X3SnJRcw22Ch2nd641WJPnm,Luck,Faith,,,,,
MCGUB,Gunder,Goat,Waxing Crescent,2,"This goat is the G.O.A.T. at trusting the universe. Gunder knows everything will turn out okay in the end and if it’s not, then it’s not the end. This is because it has a history that proves this theory right. Blessed.",https://ttm.mypinata.cloud/ipfs/QmTCQNgKWBJg74edwWQC4yJxVt41zbdWxLfTPbutGYSp8Y,Luck,Faith,,,,,
MCGUC,Gunder,Goat,First Quarter,3,"Bigger the horns, bigger the trust in the universe. Gunder has become a sort of icon, representing health and prosperity. All wonder how this goat has managed to attract such blessings, but Gunder attests it's all about belief.",https://ipfs.tothemoon.net/ipfs/QmV2STWHcWZLUnYgQ6PQhNPKFRbULZ1xJ8oZmuZXo9f7iA,Luck,Faith,,,,,
MCGUD,Gunder,Goat,Waxing Gibbous,4,"A true symbol of prosperity, Gunder helps teach others to attract what it has. It said it once and it'll say it again- it all boils down to conviction- having trust that the universe will deliver. If this goat's growing beard is any indication of its developing faith, then we know it's got it all figured out.",https://ipfs.tothemoon.net/ipfs/bafkreib3qkufoz7vdup3gnl4wb2xawxccu544ahp75fpq2jgrrexiht3ti,Luck,Faith,,,,,
MCSP,Speed,Sloth,New Moon,1,"Speed finished its today to-do list, yesterday. This sloth is a pro at finding the most practical and quickest way to do anything.",https://ipfs.tothemoon.net/ipfs/QmbJXt6gH2f2Q7D6FxvYCV4YjGLxMuMaF2WAwmDVH5XK3h,Ambition,Efficiency,,,,,
MCSPB,Speed,Sloth,Waxing Crescent,2,Productive is an understatement with Speed. This sloth has only gotten quicker and smarter with its process to get things done. A lazy Sunday? Speeds never heard of them.,https://ttm.mypinata.cloud/ipfs/QmS41weQrUpLWDKGA1dtkENMd453cMyKoao8rqBW6coCk7,Ambition,Efficiency,,,,,
MCSPC,Speed,Sloth,First Quarter,3,Never underestimate those disengaged eyes. Speed knows what needs to get done and it’s already done it. This sloth wakes up early with an earnest drive to tick all the boxes and move forward in life. It’s time to check it off!,https://ipfs.tothemoon.net/ipfs/QmaWvqChsSCbM57p8REfiZKcDpXUXvmC2gz1ADbpcHf4GW,Ambition,Efficiency,,,,,
MCSPD,Speed,Sloth,Waxing Gibbous,4,"With an even lazier look than in previous generations, Speed's appearance has only gotten more deceiving. Prepared to take on the countless tasks it's set for itself, this sloth will be up and atom well before its alarm goes off.",https://ipfs.tothemoon.net/ipfs/bafkreid6iqy7mkqjopolvassudjggwwoky25v4yfc6uxvcoo2uf7ldcsuu,Ambition,Efficiency,,,,,
MCT,Tilden,Tiger,New Moon,1,Eye of the tiger is an understatement with Tilden. Its positive outlook and tenacity make it a born winner.,https://ipfs.tothemoon.net/ipfs/QmXRjstFaDQbqVGb8afjhApsspddSBXamfLeVMyKJr47rx,Optimism,Determination,,,,,
MCTB,Tilden,Tiger,Waxing Crescent,2,"With sharpened focus, Tilden and its sunny stance will only go farther as time passes. This tiger has earned its stripes and is a true champ.",https://ttm.mypinata.cloud/ipfs/QmU7LKYyqYohAPRtJjx2s7ppvmVscJsQ3nFGMmv57CpzWT,Optimism,Determination,,,,,
MCTC,Tilden,Tiger,First Quarter,3,"Tilden knows a thing or two about keeping the faith. But coupled with its steadfastness and tiger strength, there is no taming this wild cat.",https://ipfs.tothemoon.net/ipfs/QmcEhN8RtfNW3TL9PQyXMPkwhZ1UQDjdqLi5rNnVgSobct,Optimism,Determination,,,,,
MCTD,Tilden,Tiger,Waxing Gibbous,4,"With that unwavering mindset, this tiger has learned that the opinions of others mean nothing, but of oneself….well, that's what determines its fate.",https://ipfs.tothemoon.net/ipfs/bafkreiaopuirkovchbzbv3vdg2irlrapkueawocjxvgw5bwfya2hjpkuou,Optimism,Determination,,,,,
MCB,Brynly,Badger,New Moon,1,"Dauntlessness, strong and true. Brynly the badger keeps digging even through concrete. No stone left unturned, no grub left untouched, you can count on it.",https://ipfs.tothemoon.net/ipfs/QmYodCii6u3ahQsbLSZs1DwtMnHHp3TffCgPQHgYrnFjiX,Determination,Reliability,,,,,
MCBB,Brynly,Badger,Waxing Crescent,2,"Brynly has embraced its nocturnal self and spends its nights hard at work. A strong, robust badger who is not afraid to give it its all to reach the other end of the tunnel. Dig, dig dig!",https://ttm.mypinata.cloud/ipfs/QmTavAbzSU5m5o3jAjuawiVZkTbRQwUjAm4xUV72hGZsEU,Determination,Reliability,,,,,
MCBC,Brynly,Badger,First Quarter,3,"With new, monstrous claws that match its strength, Brynly is the real brunt of the blow. Worms, beware! This badger can make its way through the most solid of ground.",https://ipfs.tothemoon.net/ipfs/QmSPVfbR2dFKCQm2omws4jh9oQCW97QdsoZ8vjioBSVhXG,Determination,Reliability,,,,,
MCBD,Brynly,Badger,Waxing Gibbous,4,"More efficient than every Moon Tool there is, this badger can hollow out any space in seconds! Bank on Brynly to lead the way out of a rock-hard pickle.",https://ipfs.tothemoon.net/ipfs/bafkreiao5xd6qzlnifqantsgmmwspfbvf5sonvujahj5bianmwqux75vf4,Determination,Reliability,,,,,
MCZ,Zandra,Zebra,New Moon,1,"Ready with whatever pep talk is needed, Zandra is the motivator of the team. This zebra is always happy to offer its honest and principled approach to others.",https://ipfs.tothemoon.net/ipfs/QmdoqWRWy7kUwK4sawuzf3AxWjb3tD5pjDFGXosZ3bVaHT,Conscientousness,Enthusiasm,,,,,
MCZB,Zandra,Zebra,Waxing Crescent,2,Zandra’s pep talks have evolved into the greatest motivational speeches the universe has ever heard. This zebra loves to share its moral way with all around it.,https://ttm.mypinata.cloud/ipfs/Qmcjo1omx1iosFraqKD2LaV3VWMpav63aTZFYouN38VuH3,Conscientousness,Enthusiasm,,,,,
MCZC,Zandra,Zebra,First Quarter,3,"Zandra and its spunky stripes always take the high-road. It’s one eager, spirited zebra who knows just what to say to get others to do the same.",https://ipfs.tothemoon.net/ipfs/Qmax28vtg6ZwQofNNaFfonPpQMjMxmpUYs5L3BebMAfv93,Conscientiousness,Enthusiasm,,,,,
MCZD,Zandra,Zebra,Waxing Gibbous,4,Passion radiates through the stripes on this zealous zebra. Zandra has morphed into the greatest source of inspiration for all as it tirelessly works to raise others up and loves every second of it.,https://ipfs.tothemoon.net/ipfs/bafkreic4u5hqfrls2lvhbgsv55bmcqkoh7bmoxedaqp5zg3k2tz7h7rvrm,Conscientiousness,Enthusiasm,,,,,
MCBA,Baxlee,Beaver,New Moon,1,A brilliant beaver who has the gift of empathy for those around it. Baxlee's campy personality makes it a true original.,https://ipfs.tothemoon.net/ipfs/QmZsgpUzXRuvebf2TLjST7mBmyNSFVE4JpKXSjM5NagDHb,Wit,Kind,,,,,
MCBAB,Baxlee,Beaver,Waxing Crescent,2,"Bright, thoughtful, and a real comedian, Baxlee is a unique beaver who, regardless of stereotype, is never too busy for those it holds dear to its heart.",https://ttm.mypinata.cloud/ipfs/QmS8jqCgKGvA773dqme3fo4bpytNS2UpL2xTHBkg9wQdL7,Wit,Kind,,,,,
MCBAC,Baxlee,Beaver,First Quarter,3,You’ll always be welcome to join this beaver’s colony! Baxlee is back with even more jokes and love to give. The group can never get enough of this creature's tomfoolery.,https://ipfs.tothemoon.net/ipfs/QmWBPyJtAZks3uz7oM61BxHy5ryp887jS8v8u8cczujZQU,Wit,Kind,,,,,
MCBAD,Baxlee,Beaver,Waxing Gibbous,4,"This beaver's dam door is always open for its many friends. Along with its growing buck tooth, Baxlee's banter has also matured over the years.",https://ipfs.tothemoon.net/ipfs/bafkreickss67xl3kscvg3gxpdcyyqrza3ra5nt3ru7bfznf2nrydyocq34,Wit,Kind,,,,,
MCD,Dalton,Duck,New Moon,1,This duck is always there when you need it. You can count on Dalton's self-assurance and steadfastness to get you out from between a rock and a hard place.,https://ipfs.tothemoon.net/ipfs/QmXmqcHaBnHriLVVBGr6jZcuVn8GeLsAv4emf2X7z35c5x,Confidence,Reliability,,,,,
MCDB,Dalton,Duck,Waxing Crescent,2,"Never the one to duck-out of a tough situation, Dalton is still a steady force to be reckoned with. For this reason, this duck is sure of itself and so are those around it.",https://ttm.mypinata.cloud/ipfs/QmQo2z3jXZkKvnZBKWwwQWrPvL35wBFyqQrMfyDURpk2jr,Confidence,Reliability,,,,,
MCDC,Dalton,Duck,First Quarter,3,Dalton’s bigger bill has developed into a more accurate depiction of its capabilities and sureness of itself. But this duck has not grown cocky as it still is that solid rock for those around it.,https://ipfs.tothemoon.net/ipfs/QmPyP4ejCjFEVdRVExpXdXLPc5GTZpai2EPpPkNQK7mktF,Confidence,Reliability,,,,,
MCDD,Dalton,Duck,Waxing Gibbous,4,Bigger bill. Wider wingspan. Dalton can take whatever this duck waddles itself into and it has the experience to back that claim up. Everyone knows they can count on it.,https://ipfs.tothemoon.net/ipfs/bafkreihyd6c2elm3s4lxqjelapkm5iibjarvpchc6thn7kmvuoocndxavq,Confidence,Reliability,,,,,
MCG,Gideon,Gorilla,New Moon,1,This gorilla knows that vibes don’t lie and always goes with its gut feeling. Gideon is a natural commander with a strong presence.,https://ipfs.tothemoon.net/ipfs/QmRtAq26x6H17J7jHUBusPXTngiEtPyj6Pwy4UjMXkzLgJ,Leader,Intuition,,,,,
MCGB,Gideon,Gorilla,Waxing Crescent,2,"With more fur that now represents a mane, this gorilla may be the real king of the moon jungle. Gideon always listens to the voice that speaks answers to it deep within, then confidently shares the way to others.",https://ttm.mypinata.cloud/ipfs/QmWo5d5MPYrF2Mjfm1PNh4qF99C97gwEQNsE6o8SRGZgCa,Leader,Intuition,,,,,
MCGC,Gideon,Gorilla,First Quarter,3,"A luminary of its generation. Gideon always looks inward for the answers, then uses its findings to shed light on the way. Contrary to popular belief about gorillas, this chief is not afraid to lead the way, even through water!",https://ipfs.tothemoon.net/ipfs/QmZCKjxgnYRMojQwHY7s6HiAyisziu9joz5QgawQg9MvU9,Leader,Intuition,,,,,
MCGD,Gideon,Gorilla,Waxing Gibbous,4,"Over the years Gideon has mastered the art of knowing who warrants its fierceness and who doesn't. Fortunately, it is calm and gentle by nature with an accurate hunch of who poses a threat. This makes it a reliable source to all. Who wouldn't want to follow this gorilla's lead?",https://ipfs.tothemoon.net/ipfs/bafkreichw5nv723mkin3jajptok6yqe3i5zy5vd6i5jnikzhr5oghtrxme,Leader,Intuition,,,,,
MCMI,Minerva,Mammoth,New Moon,1,"Minerva can wait till the time is right. Being a creature of earthly extinction, this mammoth is equipped with rare skills that have never been seen by the human eye of this geologic age.",https://ipfs.tothemoon.net/ipfs/Qma12iu2oiaMbzWy8LLa7CmdmRuUCmq7AYRN3R8xh7Diq2,Patience,Talent,,,,,
MCMIB,Minerva,Mammoth,Waxing Crescent,2,"Bringing specific skills of another age to the universe, this mammoth is able to offer unique survival tips and tricks. Minerva also teaches the others about the importance of self-control in times of waiting.",https://ttm.mypinata.cloud/ipfs/QmNY5CbQ8iFzhM36HUMNjsUUKdYvidpdDyQKX5caX7gJZp,Patience,Talent,,,,,
MCMIC,Minerva,Mammoth,First Quarter,3,"Though it certainly could, Minerva doesn’t need to wait till the next ice age to blossom. This mammoth has been thriving on the moon thanks to its rare skill set and endurance.",https://ipfs.tothemoon.net/ipfs/QmPLuRkKenVjoyw1jR1KbuDmqqX9hPuXv8kgZotJdEnZJk,Patience,Talent,,,,,
MCMID,Minerva,Mammoth,Waxing Gibbous,4,Creatures of a previous geologic age had to be accustomed to waiting and completing simple tasks through difficult ways. This mammoth has developed into a powerful creature with a mindset like no other.,https://ipfs.tothemoon.net/ipfs/bafkreieufbswwad6bvxgcvecnyite5grog4mq6ms3nexdmg53f7ovf22dq,Patience,Talent,,,,,
MCTA,Tadeo,Turtle,New Moon,1,"Even when it seems not to notice, it does. Tadeo is an all-seeing, all-knowing turtle, thanks to its checked-out appearance.",https://ipfs.tothemoon.net/ipfs/QmX2UaddWFZW4yBFhYMYA2eMMtNT3jDQtQyEy6oQUxkJ4r,Clever,Alert,,,,,
MCTAB,Tadeo,Turtle,Waxing Crescent,2,"The secrets out- Tadeo has eyes at the back of its shell…. just kidding, this has yet to be confirmed, but how else to explain this turtle’s ability to see all? Perhaps it’s its brilliance and natural perceptiveness.",https://ttm.mypinata.cloud/ipfs/QmSpxYVSWGTGFHztxuoz9nJzgsNRNp9yMj52WFnm6p1DYJ,Clever,Alert,,,,,
MCTAC,Tadeo,Turtle,First Quarter,3,"Is that smoke coming from a shell? Accompanied by its superior intelligence and sharpness, Tadeo has grown into a fiery force with a chimney-like shape. Some presume it is to send signals, but only time will tell what evolution will bring. It’s always a mystery with this turtle.",https://ipfs.tothemoon.net/ipfs/QmUeVsvTiqqfHdnBJL54GNd59vSruJbGPYQfohZmBgWCm4,Clever,Alert,,,,,
MCTAD,Tadeo,Turtle,Waxing Gibbous,4,"Confirmation: we have spotted fire. Tadeo has returned- flames and all! This turtle is certainly more conspicuous than in its wee years, but has grown even more astute and nimble.",https://ipfs.tothemoon.net/ipfs/bafkreigz2cvyrzduxmwryl7tciq35tfmlbpnbeyxwl4xnoorguk76vdeyq,Clever,Alert,,,,,
MCJ,Jupiter,Jellyfish,New Moon,1,Jupiter is a top communicator. This jellyfish makes lasting connections everywhere it goes with a strong reverence for those around it. It also has the ability to make them feel like the most important being in the universe.,https://ipfs.tothemoon.net/ipfs/QmPBpyLqnVcRjgyptPjkDPqU4PgFAzoni8sLRC1jZxNypQ,Sociable,Respect,,,,,
MCJB,Jupiter,Jellyfish,Waxing Crescent,2,"What makes Jupiter so popular isn’t its outgoingness, but instead, the presence it gives to those around it. This jellyfish is considerate and would never sting a soul.",https://ttm.mypinata.cloud/ipfs/QmZ88NDhLHYDRoEpiBh8LaQ8VbApd1D1cFBxMnxSYPZWAE,Sociable,Respect,,,,,
MCJC,Jupiter,Jellyfish,First Quarter,3,"Jupiter has the ability to touch (not sting) the hearts of those who have the privilege of meeting it. This jellyfish is a favorite because of its ability to help others see their true value, and that, of course, is its.",https://ipfs.tothemoon.net/ipfs/QmPqJWdsivTtzs57e5ptyfoMexoWzd3BibqRpTS6G2xB1V,Sociable,Respect,,,,,
MCJD,Jupiter,Jellyfish,Waxing Gibbous,4,"Whoever said jellyfish have no heart, obviously have yet to meet Jupiter. A truly considerate being who thrives in the presence of others, this creature doesn't just glow in the dark, it lights it.",https://ipfs.tothemoon.net/ipfs/bafkreibcyoeild5t2pwvcohyukpcexpyftktec7z7d2b36t5c33ypvhepe,Sociable,Respect,,,,,
MCOV,Ova,Octopus,New Moon,1,"A bright octopus, who is wise beyond its years. Known for being an old soul, young Ova comes with plenty of fortitude and tenacity.",https://ipfs.tothemoon.net/ipfs/QmQNrXZ9DCeJUGCbKDZ13TgNgYiZVHYo1sBFNmUoDeHcXe,Wisdom,Focus,,,,,
MCOVB,Ova,Octopus,Waxing Crescent,2,"Still far too intelligent for its age, Old soul Ova has got its eye on the prize. This octopus knows how to make the most of its maturity and intellect.",https://ttm.mypinata.cloud/ipfs/Qmcrxx2XLtmyxcf9ToAcVSErfxxerayDD7DgfmmxD6RGkn,Wisdom,Focus,,,,,
MCOVC,Ova,Octopus,First Quarter,3,This single-eyed beauty has the greatest concentration and intelligence of all the sea creatures. Ova’s eye is a representation of its one-track mind and this octopus has grown to own these gifts of its.,https://ipfs.tothemoon.net/ipfs/QmbN5q13Q2ZSY6M3yZoPYfn6gYxhzHWTW7taome5UZXPFU,Wisdom,Focus,,,,,
MCOVD,Ova,Octopus,Waxing Gibbous,4,"The old soul has finally grown into its body. Mature Ova continues to have more sophistication and foresight than other creatures of its age, but at least now its tentacles have caught up to the size of its brain.",https://ipfs.tothemoon.net/ipfs/bafkreif3jrxzhelavmoslzxunbq2zihri264xqzpemu73qvza2kvgxx26i,Wisdom,Focus,,,,,
MCWA,Wai,Whale,New Moon,1,A knowledgeable whale whose experience makes it one of the most accomplished creatures. Wai is the definition of all-knowing.,https://ipfs.tothemoon.net/ipfs/QmWtAz2oD8y1SJeHZvMcor83jaFzyRQagT26dkdb2vaBso,Wisdom,Skillful,,,,,
MCWAB,Wai,Whale,Waxing Crescent,2,"An astonishing creature of the sea, this whale’s brain can be compared to the size of its body (of course in a metaphorical sense). Wai has developed into one of the most astute of the gang.",https://ttm.mypinata.cloud/ipfs/QmRpGb3VbzB2xBN6BgfFm5tAe9pzaQqp4zYo2vkk2eA5b2,Wisdom,Skillful,,,,,
MCWAC,Wai,Whale,First Quarter,3,"A true intellectual who’s crystal ball hold’s all-encompassing knowledge. With the passing of time, Wai’s enlightened view makes this whale the most progressive creature.",https://ipfs.tothemoon.net/ipfs/QmXgv8zMT2zsJKLw6LMnqaVXjkne6GTrHdiMsxeeSrH78r,Wisdom,Skillful,,,,,
MCWAD,Wai,Whale,Waxing Gibbous,4,Wai has become everyone's main source for sage advice. This whale always knows the best course of action and will share what its crystal ball says with all.,https://ipfs.tothemoon.net/ipfs/bafkreicqwmtik5jcz6qpwweor2zdoeslt5gvaqy235ewn5ubddlnucsw6u,Wisdom,Skillful,,,,,
MCFU,Fulton,Falcon,New Moon,1,"A gracious falcon, Fulton makes others swoon with its magnetism. Unaware of its own appeal, its greatest quality is definitely its massive heart.",https://ipfs.tothemoon.net/ipfs/QmSApyoYcU1u5BMwFiWV1c1UAJQurQkfrHFrBq3eR9GdKg,Charisma,Kind,,,,,
MCFUB,Fulton,Falcon,Waxing Crescent,2,"Fulton’s learned to own its appeal, but has also strengthened its ability to demonstrate great compassion for others. This falcon is a future (unintentional) heart-breaker who has not let its good looks get to its head, or heart.",https://ttm.mypinata.cloud/ipfs/QmXKxgqUMHpKsYv61bWBAsXD2jABQdxaw2XxR7RzSqwWRc,Charisma,Kind,,,,,
MCFUC,Fulton,Falcon,First Quarter,3,"You thought young Fulton was a sight for sore eyes, check out the third-gen. This falcon is back with even more allure and luckily, tenderness to balance it out. ",https://ipfs.tothemoon.net/ipfs/QmcndLBXnhbFRPFqj32h6Qq3PVUDFVtHe2b4mrJUMwbF2a,Charisma,Kind,,,,,
MCFUD,Fulton,Falcon,Waxing Gibbous,4,"Finally, Fulton has learned to use its killer looks to its advantage. Instead of being the cute-but-doesn't-know-it bird it once was, this falcon uses its charm to convince stubborn souls to do the right thing.",https://ipfs.tothemoon.net/ipfs/bafkreifm5sa3wkden5ubf3qiiej6xhymwr574a3qbxz56iz62zwfg3ivye,Charisma,Kind,,,,,
MCPO,Posey,Parrot,New Moon,1,"Posey just keeps on giving, and its grace only makes it more popular with others. It is a beautiful parrot inside and out, thanks to its benevolent attitude.",https://ipfs.tothemoon.net/ipfs/QmU1zy5cmursyxqpCywq6F11Fkv3aq3AyPcCpW6H4Eyytg,Charm,Generosity,,,,,
MCPOB,Posey,Parrot,Waxing Crescent,2,"This parrot is the same as before, but shares even more of its moon crackers. Posey is a magnet to those around it, thanks to its vibrant appearance and attitude.",https://ttm.mypinata.cloud/ipfs/QmPJVJyRit89c8ULXKnDVzt9DfahuSeFCN3FjpoZPFKRsW,Charm,Generosity,,,,,
MCPOC,Posey,Parrot,First Quarter,3,Posey is the gift that keeps on giving. Its drawing personality shines far beyond its bright feathers as this parrot is extremely gracious and never holds back on kindness.,https://ipfs.tothemoon.net/ipfs/QmWCM9DxUf8vS5EQ8rz9Vdy2D5nCtntfKVFp6Bg4wrPfdT,Charm,Generosity,,,,,
MCPOD,Posey,Parrot,Waxing Gibbous,4,"Posey is not wasting its days imitating others, but instead, it continues to find countless ways to spread joy. There's nothing mundane about this parrot.",https://ipfs.tothemoon.net/ipfs/bafkreihqb4vuvvsnlfjmzsu32oxuzxuzvm6nl3nzz3aqa4usxdfyvipmra,Charm,Generosity,,,,,
MCH,Holden,Hawk,New Moon,1,"Holden always knows the smartest and fastest way. Whether it is a path to a destination or solution to a problem, this hawk is ready to help.",https://ipfs.tothemoon.net/ipfs/QmfYCegc4QHFzeToeihMXrZtqY8Fpzqy6bvbHYTLMjDcWG,Reliability,Efficiency,,,,,
MCHB,Holden,Hawk,Waxing Crescent,2,"If its quickness wasn’t enough, then its consistency would certainly make up for it. Faster than the speed of light, Holden’s spectacular speed is nothing that’s ever been seen on earthly hawks and it will reach that record- breaking velocity every time.",https://ttm.mypinata.cloud/ipfs/QmRXT8PSyHdRiTXCJcUJxwiUtSt7gVv25FG8eeAcHq6MeG,Reliability,Efficiency,,,,,
MCHC,Holden,Hawk,First Quarter,3,"With a more majestic look, this hawk has earned its fine feathers. Holden is still among the fastest of the bird creatures and uses its killer hawk eyes to scour out the best route.",https://ipfs.tothemoon.net/ipfs/QmbyB7rAGBJGyJffMo5wETCXocB5jqAveN9yXzSvB9bsqK,Reliability,Efficiency,,,,,
MCHD,Holden,Hawk,Waxing Gibbous,4,"You can still bet on Holden being the first to cross the finish line, as well as be there for those in need. This hawk may seem too illustrious to be truly counted on, but this creature's never forgotten its core self.",https://ipfs.tothemoon.net/ipfs/bafkreiecnteh4quzqovkdvxofc4xg74wqk4wezlgasrvwscv44kfgnlv6u,Reliability,Efficiency,,,,,
MCO,Orson,Owl,New Moon,1,"As a creature of the night, Orson spends the dark hours on the lookout, ready for anything. This owl knows how to change course when needed.",https://ipfs.tothemoon.net/ipfs/QmNRu9xkmzuWkosx5PF3zy8WRtYrmv3uTzEVC2rKY92ZJy,Adaptability,Alert,,,,,
MCOB,Orson,Owl,Waxing Crescent,2,"The night watch must remain agile and ready, and boy, is that ever Orson. This owl has grown into its role and only sharpened the needed skills.",https://ttm.mypinata.cloud/ipfs/QmdWJjTfmL754iegxr566cqgEWfdxQBXqTxA9B2tQbnrwK,Adaptability,Alert,,,,,
MCOC,Orson,Owl,First Quarter,3,"With an even later bedtime than before, Orson is able to remain on watch longer and therefore be even more connected with the happenings of the moon. Minute by minute this owl is on the watch, ready to make necessary moves.",https://ipfs.tothemoon.net/ipfs/QmSgn6cicMx6WyinvvqTFJgFskzJyumXE3UUgUN6qpsY1e,Adaptability,Alert,,,,,
MCOD,Orson,Owl,Waxing Gibbous,4,"Having perfected its “On Guard” stance, Orson is now able to see and process everything going on around it- yes, the full 360 degrees! This owl can also switch its focus within 1/100th of an earthly second.",https://ipfs.tothemoon.net/ipfs/bafkreib2fdyb4hi4uguow4iepakw3p7a6sw7nv736x7s5fr2e4kub4yepi,Adaptability,Alert,,,,,
MCCH,Chantz,Cheetah,New Moon,1,"Able to hypnotize anyone with its appeal, this beautiful cheetah has a powerful impact over those around it. Chantz has the influence of a fierce politician, but with pure intentions.",https://ipfs.tothemoon.net/ipfs/QmcqGHte4mgsxPG7AoZZgzr7uJQDcJydRorQ677jY3yTpg,Charisma,Charm,,,,,
MCCHB,Chantz,Cheetah,Waxing Crescent,2,All that allure comes with great responsibility and power. Chantz is aware of its magnetism and luckily never takes advantage of it. This cheetah is of solid integrity and that makes it all the more loveable.,https://ttm.mypinata.cloud/ipfs/QmYjh9SAQ8HuWtDjtMemcg6iM2NuBzbX2h59JZMX7wrUEa,Charisma,Charm,,,,,
MCCHC,Chantz,Cheetah,First Quarter,3,"With fur always perfectly placed and a bewitching attitude, this cheetah is adored by all around it. Chantz understands that all that glitters isn’t gold (like on its stunning adult coat) so it doesn’t let it get to its head.",https://ipfs.tothemoon.net/ipfs/QmPbrX6kfkZnyCNMKJfKZJfKzoidaqfkYP4agyGSJ3GiPA,Charisma,Charm,,,,,
MCCHD,Chantz,Cheetah,Waxing Gibbous,4,"Simply en-Chantz-ing! This cheetah has always effortlessly drawn others to it, but even more so now that it's rocking those adult spots. It's impossible NOT to notice it when it walks into a room. Good thing humility still has its part in that allure.",https://ipfs.tothemoon.net/ipfs/bafkreieni25cv5qzvihuvftnbe7dskawo25kz7amfiipjuvzs33fuozcom,Charisma,Charm,,,,,
MCW,Wila,Wolf,New Moon,1,"What good is being hungry like a wolf without the determination to catch your prey? Luckily, Wila has both- backed up by experience and technique.",https://ipfs.tothemoon.net/ipfs/QmcFkLQakD75zxMbTuM8tBxN2sFUAGG5WiZYEBtN2NjA1P,Skillful,Discipline,,,,,
MCWB,Wila,Wolf,Waxing Crescent,2,"Wila’s boldness radiates from its eyes, beyond the vibrant mask framing them. This wolf’s valor is only amplified through its competency.",https://ttm.mypinata.cloud/ipfs/QmRYuezeKj21MD3Fi8Q7SDtwit8dneptVFWdYPuxBFDUsm,Skillful,Discipline,,,,,
MCWC,Wila,Wolf,First Quarter,3,"Exuding fierceness, Wila’s piercing look depicts its self-mastery and talent. It is one tenacious wolf with keen senses that have only developed further with time.",https://ipfs.tothemoon.net/ipfs/QmNWzf4NFAv12QJKat6Y74WTSL3DWdjKPDnwyAQE7rrjFR,Skillful,Discipline,,,,,
MCWD,Wila,Wolf,Waxing Gibbous,4,If someone didn't know better they'd say steer clear of this terrifying beast. That someone would also be disregarding one of the most powerful creatures to exist as this wolf has the mastery to achieve anything without the use of intimidation or violence.,https://ipfs.tothemoon.net/ipfs/bafkreiafbmzeuar4ap4ds3cxdagm4ht63srf2ju72cgbhnrvq6jrvc7y4u,Skillful,Discipline,,,,,
MCDJ,Django,Giraffe,New Moon,1,"Agile, creative, and ready for adventure. Django is a giraffe who uses its above-the-trees view to its advantage and is known for an innovative, whimsical approach to life.",https://ipfs.tothemoon.net/ipfs/QmVKwEuoFvMsRQwqShew31eT5hg13XonhA2aiJDCz3mBz5,Clever,Imagination,,,,,
MCDJB,Django,Giraffe,Waxing Crescent,2,"With a few more feet to it than before, Django is a creative mastermind who uses its intelligence as an anchor for its eccentric approach. This giraffe knows how to make the most of the view.",https://ttm.mypinata.cloud/ipfs/Qmeq939RwatWV1z7N9bgneVHnR4eYGEPqMHNyPueZtoVhv,Clever,Imagination,,,,,
MCDJC,Django,Giraffe,First Quarter,3,"Though its height will never exceed its creativity, Django has hit another spurt! Pretty soon the term will be ""Django-eye view"" describing an uncommon, sharper perspective.",https://ipfs.tothemoon.net/ipfs/QmNnc4DnXxAWC59R1i3Eekr52yXJc3Wq3utzBzCY3MAAPC,Clever,Imagination,,,,,
MCDJD,Django,Giraffe,Waxing Gibbous,4,"It's done it again, folks! Multiplied its size, smarts and out-of-the-box thinking tenfold! Just when we thought Django couldn't reinvent the wheel again- it did! Good luck keeping up with this giraffe's bewildering ideas.",https://ipfs.tothemoon.net/ipfs/bafkreiabqfhnwnxkpx5xdly4iyns4we47i5wt3577fakqmvgytdqahzhba,Clever,Imagination,,,,,
MCDA,Daxton,Dragon,New Moon,1,Every year is the Year of the Dragon when you are this blessed. Daxton is armed with the fearlessness and true valor of the type of dragon's they write tales about.,https://ipfs.tothemoon.net/ipfs/QmaqyTMuFTPCmRogcyeACfiJ6q31WD2CbAuDubbJtiGi1H,Courage,Luck,,,,,
MCDAB,Daxton,Dragon,Waxing Crescent,2,"Still not the type to spit fire on a moon castle, but Daxton does have the bravery to overcome anything. This dragon is as gallant as they come. It always makes the right moves as everything in its life can only be described as kismet.",https://ttm.mypinata.cloud/ipfs/QmQ1gLG3uby6dQkvcuvJUPLjoR6DGeZ48hxAASDtyYhYvb,Courage,Luck,,,,,
MCDAC,Daxton,Dragon,First Quarter,3,"Blessed with some major claw and wing development, nature has been kind to Daxton- that’s probably because it always has been. This valiant dragon also has the fortitude of one hundred knights ready to save the princess.",https://ipfs.tothemoon.net/ipfs/QmRdKkFcuszC9TBcesuN65Tjiv1J75ubHc8sxhdH8Lwvat,Courage,Luck,,,,,
MCDAD,Daxton,Dragon,Waxing Gibbous,4,"It's not everyday one comes across the grit of Daxton. This dragon can slay and the universe knows it, which is why it always backs it up in his great, noble pursuits.",https://ipfs.tothemoon.net/ipfs/bafkreibqjcdcrgfwofudzbmdo25amht4kybwwd5mo6kj36ij4r4farqjaa,Courage,Luck,,,,,
MCSA,Saturn,Squirrel,New Moon,1,"Always looking for more ways to contribute to the community, Saturn is an inquisitive, thoughtful squirrel. It would never hoard his acorns, instead it is more of the type to share its last few.",https://ipfs.tothemoon.net/ipfs/QmYEMM7Z4oL3VP6BxoytBsXv79yp3gXvgDoaixhGPHpxxv,Generosity,Curiosity,,,,,
MCSAB,Saturn,Squirrel,Waxing Crescent,2,"It seems the bushier its tail gets, the more benevolent it becomes. Along with its kindness, Saturn the squirrel leaves no tree unexplored and will always share its findings with others.",https://ttm.mypinata.cloud/ipfs/QmbFNRKSPeAfz6yKFWYjqMML29XDCbJvb5jVYfPqR6jRSY,Generosity,Curiosity,,,,,
MCSAC,Saturn,Squirrel,First Quarter,3,"They say a squirrel's front teeth never stop growing, well neither does Saturn’s charitableness. This noble creature only knows how to give- and explore. This includes its ability to spread lush trees onto bare territory through gifting its acorns to the moon’s surface.",https://ipfs.tothemoon.net/ipfs/QmWqyTrcuha1eAV8pwmVtXUkCYEXkrWgP7zk2fjGmPBNVt,Generosity,Curiosity,,,,,
MCSAD,Saturn,Squirrel,Waxing Gibbous,4,"Leaving no acorn unturned, Saturn has always known the best way to help a community is to learn all there is about its environment. This squirrel has become the moon's resident pathfinder thanks to its inquisitive nature.",https://ipfs.tothemoon.net/ipfs/bafkreidazuuxxhpy7yxeyv2efs5doxbc3lo7bmc5tyguwfa4zp7y6yvoam,Generosity,Curiosity,,,,,