prefix,name,description,moonPhase,image,attributes__gender,attributes__trait1,attributes__trait2,attributes__trait3,attributes__skill,attributes__aura,attributes__style
C001,Cryptonaut .001,"The first Cryptonaut to land on the moon. .001 is the pioneer of the Cryptonauts, with the reliability and drive to maintain his head honcho status.",New Moon,https://ipfs.tothemoon.net/ipfs/QmNYmBppbvGNi4tkxUsJ1igx5vojs9KCZCzRp8eartgq5L,Male,Leader,Determination,Responsibility,,,
C002,Cryptonaut .002,"This Cryptonaut is on a mission. Staking claim, .002 is not afraid to make a mark on the universe. His life goal is to leave a legacy behind.",New Moon,https://ipfs.tothemoon.net/ipfs/QmYiMV8QVGMYgkYMXDW1VnKDaLZbmDpDLbDva6exshK2h5,Male,Ambition,Responsibility,Charisma,,,
C003,Cryptonaut .003,"Building a better tomorrow takes vision, patience, and the courage to carry what matters most. .003 understands that true value is not measured by chance, but by what you choose to protect. This Cryptonaut knows the future is built from what others fail to see.",New Moon,https://ipfs.tothemoon.net/ipfs/QmR7KzQSvsnEqmfr2tLMqPCxDBr2njFcFwUNk2bgEfeeNT,Male,Skillful,Versatility,Respect,,,
C004,Cryptonaut .004,"Hard to overlook, impossible to ignore. With a spark of purpose and endless drive, .004 carries the charge that keeps progress moving. This Cryptonaut knows energy is more than power, it’s the force that turns vision into action.",New Moon,https://ipfs.tothemoon.net/ipfs/QmP1WDmdjV8YidaZghC5kZyRhEwWqo5JPZoXbJiEuKPJUk,Female,Wisdom,Optimsm,Calm,,,
C005,Cryptonaut .005,"Always willing to share oxygen with the other Cryptonauts, .005 is a warm Cryptonaut. She gives good, and gets better. It's clear the universe matches vibrations.",New Moon,https://ipfs.tothemoon.net/ipfs/QmXz8ASbwSXH3YQ1SeoeGFCobF713Zhc15oFpHFMwKPzHh,Female,Luck,Charisma,Generosity,,,
C006,Cryptonaut .006,The law of gravity has got this Cryptonaut's back. It must be because .006 is determined to make the best out of whatever is given to her. She eases through life flowing with the wind.,New Moon,https://ipfs.tothemoon.net/ipfs/Qmbrygq7Jp3GDBGDQTMNhP6wLWjmMini5QbLbDqWK9t911,Female,Ambition,Adaptability,Enthusiasm,,,
C007,Cryptonaut .007,A practical Cryptonaut who knows it's better to be safe than sorry. .007 is a major tech genius who is always willing to help others with their computer woes.,New Moon,https://ipfs.tothemoon.net/ipfs/QmUz6T7Jb7MPhhU72KWVzrXd8hbZPWdghQnQCKdks5psps,Male,Clever,Logic,Generosity,,,
C008,Cryptonaut .008,".008 is extremely resourceful. He takes only what he needs and ensures others are not wasteful (good thing he is funny, otherwise this could get annoying.) With a feeling of just the right amount of minerals to extract, this Cryptonaut has a sense of how much the universe is comfortable sharing with the Cryptonauts.",New Moon,https://ipfs.tothemoon.net/ipfs/QmVZVuWZH6kDUPHdZss7pY5tTgCPq4Wsua7DbPCvRnyBat,Male,Intuition,Efficiency,Wit,,,
C009,Cryptonaut .009,".009 can sometimes be in his own world, which is why many find him funny. However, little do they know, he has crafted a universe in his mind where only beauty and opportunity exit. Though he physically lives in reality, he is mentally in this idyllic place, making him one of the most positive Cryptonauts to walk the moon.",New Moon,https://ipfs.tothemoon.net/ipfs/QmWYRg76ijLU77Kyybayyb9Bc8Bdjh1biovynwxoq6ZVBC,Male,Optimism,Imagination,Humor,,,
C010,Cryptonaut .010,"This Cryptonaut is on a mission and will not stop till he gets there. .010 can go the distance, but will always figure out the quickest way to get there. Ready to adjust speed, breath, or direction, .010 is ready for whatever he may run into along the way.",New Moon,https://ipfs.tothemoon.net/ipfs/QmNYeCD3tRs3eMej945xB81Gigrm9kjAJ4VRHYp2kZcXbR,Male,Wisdom,Ambition,Versatility,,,
C011,Cryptonaut .011,"Catch this Cryptonaut at the market with coffee in hand, talking a mile a minute, chatting everyone's ear off. The only reason .011 gets away with it is because he's hilarious and clever.",New Moon,https://ipfs.tothemoon.net/ipfs/Qma7tYkPHKahWSj73DMMhxdLrCocXBqBjXPoRUhwEaanZP,Male,Wit,Sociable,Humor,,,
C012,Cryptonaut .012,"The most charitable Cryptonaut, always looking for ways to give. Whether it's making balloon animals for the moon babies or grooming the moon creatures, .012 is one altruistic Cryptonaut.",New Moon,https://ipfs.tothemoon.net/ipfs/QmRpEWR3BLQvFrb2drWZtCXpRGj3bR6Zm5x75X8M4XABp9,Female,Generosity,Kind,,,,
C013,Cryptonaut .013,"A cultured, free spirit. .013 lives the life of a true artist. Blessed with a unique vision and the skills to translate it to the canvas, this Cryptonaut is certainly the most open minded.",New Moon,https://ipfs.tothemoon.net/ipfs/QmbuDqEXnLqqgaTYEi8ZQvpFkYyhnifq4VAhHmB5CyWeoq,Male,Talent,Imagination,Charm,,,
C014,Cryptonaut .014,.014 knows just the right way to build those gains. He is a technique master with a flawless physique and wakes up early to maintain this. This control is applied to all areas of his life.,New Moon,https://ipfs.tothemoon.net/ipfs/QmZS8h72nZdfMNJbdnVUqAbfuL4k7b6Wd2vstbPv2neVg3,Male,Discipline,Determination,,,,
C015,Cryptonaut .015,"Most of this Cryptonaut's life happens in his dreams, which is why he would always rather be sleeping. The universe delivers messages to .015 in his slumber and he honours this by putting himself in the state to receive them.",New Moon,https://ipfs.tothemoon.net/ipfs/QmRXLET82yNNuRmE9kvxx66kFoPyQVDmaSS3CHWjB1Di9G,Male,Respect,Imagination,Calm,,,
C016,Cryptonaut .016,.016 has an affinity for all things natural. A socially responsible Cryptonaut who reminds others to practice conscientiousness and care when it comes to the environment.,New Moon,https://ipfs.tothemoon.net/ipfs/QmcsXjNoExJNPqTJAWYYraST5fo3Az3j9sKqAKnzCtHRLQ,Female,Kind,Humility,,,,
C017,Cryptonaut .017,"With extreme discipline, .017 has perfected the martial arts. He uses his talents with discretion as it is never for violence, but only to keep him in top shape both physically and mentally.",New Moon,https://ipfs.tothemoon.net/ipfs/QmUXvuFVpqQEx473xKDjxVFvoj4cMDhJS2QJq73pne9bp2,Male,Focus,Efficiency,,,,
C018,Cryptonaut .018,"The life of the party who knows how to dance to the rhythm of the universe. .018's laid back, fun-loving attitude is all part of his allure.",New Moon,https://ipfs.tothemoon.net/ipfs/QmfQ3UUG9bAuZcXCUA8zMwtooUVyenaRao6geEjmDwg7mV,Male,Sociable,Charm,,,,
C019,Cryptonaut .019,You've always got to be on your toes when you spend most of your life six feet in the air. That's why .019 is ready for whatever. His certainty that he'll make the jump keeps him from falling flat on his face.,New Moon,https://ipfs.tothemoon.net/ipfs/QmXbhABTdLFbPwQx121Fjq4YKYVsvu1kavSWiScvXL1nuE,Male,Confidence,Alert,,,,
C020,Cryptonaut .020,.020 is ready to go wherever his jet pack may lead him. He takes on new adventure with open arms and a certainty that all will turn out well.,New Moon,https://ipfs.tothemoon.net/ipfs/QmS72QofFzGNtEbBiKjsYeQEmxKsjcco5iUKmK9iWqaVab,Male,Enthusiasm,Confidence,,,,
C021,Cryptonaut .021,".021 is a brilliant explorer-type. She won't be quoting the dated health advice, ""an apple a day keeps the doctor away"". This Cryptonaut is always on the search for the newest discoveries of the human body, as she's on a mission to expand human knowledge.",New Moon,https://ipfs.tothemoon.net/ipfs/QmeWMt7RaoaKAihAfi2moG3g7eaUVARnhsfhyUfP1dDbXb,Female,Curiosity,Clever,,,,
C022,Cryptonaut .022,"The Cryptonauts can always count on .022 to fix anything. With his inquisitive mind and eager to learn mentality, this Cryptonaut is constantly making the wrong go right.",New Moon,https://ipfs.tothemoon.net/ipfs/QmSxFC6XRWYVD6M91rKbgsPmNXAaeeswFwyuBbqpNuxkk2,Male,Reliability,Curiosity,,,,
C023,Cryptonaut .023,Expansion of civilization on the moon all comes down to determination and accountability for .023. This Cryptonaut is the leader of new development for a reason- he won't rest till they reach civilization's peak.,New Moon,https://ipfs.tothemoon.net/ipfs/QmW7vAftTFp6gZ95JAyyYj4dTGS4CPHvanCLyBqMYRtDHv,Male,Responsibility,Discipline,,,,
C024,Cryptonaut .024,"Development always requires a balance in one's approach, and that is what .024 brings to the table. He has lofty goals for the Cryptonaut's side of the moon, but understands humans must develop with respect to the land and those there before them.",New Moon,https://ipfs.tothemoon.net/ipfs/QmXQHFod4GrLbk6yJNuj2vVWguYFabqftFd1cV6SNj6xhN,Male,Discipline,Conscientiousness,Charm,,,
C025,Cryptonaut .025,This Cryptonaut is relaxed in his approach to fishing and life. For .025 this includes an unwavering belief that the prime catch is just around the corner.,New Moon,https://ipfs.tothemoon.net/ipfs/QmbDuw1s8TpXNiSUUYS26NdSXqpV4SMspb8UnzA74bvhsu,Male,Calm,Faith,Kind,,,
C026,Cryptonaut .026,"For this Cryptonaut, music is the ultimate way to rid of the ego. With an ability to escape himself in the rhythm, .026 is graced with the knowledge that he is just a fraction of a moment in all of eternity. His headphones bring him this freeing realization.",New Moon,https://ipfs.tothemoon.net/ipfs/QmeGKLm4Ag9eh5CuGF8HukwycsKsHKwdRv6C2yrjeUwNL4,Male,Wit,Humility,,,,
C027,Cryptonaut .027,"With the talent of Robinhood, .027 never misses. She is always aware of her surroundings and anything that can affect the arrow's course, which is how this Cryptonaut is in every area of her life.",New Moon,https://ipfs.tothemoon.net/ipfs/Qma4UAXvMPAn7X3YN1C59YyTM5JAfHq4kuYuNK8AXr67KN,Female,Skillful,Alert,,,,
C028,Cryptonaut .028,"With extreme concentration, .028 never misses his target. There can be a meteor shower going on around him and his eye will still be on the ball. Tee up, set sight, and celebrate that hole in one.",New Moon,https://ipfs.tothemoon.net/ipfs/QmW9pTcFWKDPY522nMLgPUNk55cPYJ6UXSAHaM5XWd5aDZ,Male,Skillful,Focus,,,,
C029,Cryptonaut .029,".029 is as predictable as the rain in spring. Never without his telescope, this Cryptonaut feels an obligation to the universe to explore every inch of it.",New Moon,https://ipfs.tothemoon.net/ipfs/QmSRiAyAiv9Ds5bEXEZ7iVWTg3PDrxCVSjxm9qjV6sBSpa,Male,Reliability,Responsibility,Kind,,,
C030,Cryptonaut .030,".030 is always in good spirits, especially knowing opportunity is never far behind. Carrying a bag full of potential, this Cryptonaut moves with confidence and trusts every choice made along the way.",New Moon,https://ipfs.tothemoon.net/ipfs/QmZC8iqP8fXnwGm2eA78S9DjzdYi3x3zd1AXdxFq99vN4u,Male,Optimism,Confidence,,,,
C031,Cryptonaut .031,"This Cryptonaut has got one thing and one thing only on her mind - what others overlook. .031 knows the value hidden beneath the surface and honors the patience it takes to uncover fossils long forgotten. In her hands, the past is always worth discovering.",New Moon,https://ipfs.tothemoon.net/ipfs/QmTRKPSpbAPch1aHv9QFP8J4XsJBc9EzX1RVq8cvefjEPh,Female,Determination,Respect,,,,
C032,Cryptonaut .032,A real punster who enjoys a little drink now and then. His sometimes-chaotic energy is balanced by .032's sense of trust in something greater than himself.,New Moon,https://ipfs.tothemoon.net/ipfs/QmU4rXx7EuXTETz3xWa5RwVV891LZvF5zayvAUhB4q9rhs,Male,Intuition,Faith,Wit,,,
C033,Cryptonaut .033,"Determined to get to the top, .033 has 360-degree awareness for anything that can possibly stop him- or any rocks coming down the mountain.",New Moon,https://ipfs.tothemoon.net/ipfs/QmQeXjNGFLHWARgZ9zEx5ouZVt5Xv8VgvH2E4AQvBpc4h9,Male,Focus,Alert,Respect,,,
C034,Cryptonaut .034,"Always ready to bring out the guitar for an impromptu party, .034 is a real entertainer. This Cryptonaut is prepared for anything because you never know when someone is going to need a killer riff.",New Moon,https://ipfs.tothemoon.net/ipfs/QmPRadHvkWqMF1Qd12ThvdCJXACYsXg1ddpRkQTFJDiNQg,Male,Adaptability,Sociable,,,,
C035,Cryptonaut .035,Good thing .035 has got the brains and trustworthiness to deal with something as dangerous as electricity. It takes great dependableness to handle live wires. No forks in the socket for this guy; safety comes first.,New Moon,https://ipfs.tothemoon.net/ipfs/Qmd5Sic3QC49yJeurVuWKEt7bCEgcu6s9aMj5W2Y2Lec1F,Male,Clever,Reliability,,,,
C036,Cryptonaut .036,".036 is all about the simplest, most satisfying way to achieve something. He's a no fuss kind of Cryptonaut who's a real comedian.",New Moon,https://ipfs.tothemoon.net/ipfs/QmWnuPLpUAvqxLWMNGJ2k6KwgwwAPXGgEh9kyWzuVLDCDm,Male,Efficiency,Humor,,,,
C037,Cryptonaut .037,".037 is a Cryptonaut of high standards. Keeping his two homes -his body and environment-clean is how he cares and appreciates them both. Usually, those around him find his uptight behaviour irritating, but .037 simply pokes back with a smart remark.",New Moon,https://ipfs.tothemoon.net/ipfs/QmdU8Q3wmFjHGVBP7DfJTXe5Z1KpmK1dFAkAaNzt99ygG1,Male,Conscientousness,Wit,,,,
C038,Cryptonaut .038,Video games have taught .038 to be ready for anything and to adjust accordingly. This Cryptonaut is not a typical hide-in-the-basement gamer. She is super popular and will make any stranger a friend.,New Moon,https://ipfs.tothemoon.net/ipfs/QmYkRqDG4JUMFsB6Vnipd4PJL33tCw4rsYN5GmZSoJ1or7,Female,Adaptability,Alert,Sociable,,,
C039,Cryptonaut .039,".039 is a born guardian with a natural sense of authority. The group can feel safe and at ease, knowing this Cryptonaut has security handled. Additionally, his manly musk is irresistible to those around him.",New Moon,https://ipfs.tothemoon.net/ipfs/QmSAACt5myt5Vk3BRTq3Qc3BgwmY4VkmuDHNgD6WS8os73,Male,Respect,Charisma,,,,
C040,Cryptonaut .040,".040 is the type of Cryptonaut who can make anyone feel like the most special person in the universe, as she sings into their eyes. With the voice of an angel, this songbird draws those around her in to appreciate the simplistic beauty of song.",New Moon,https://ipfs.tothemoon.net/ipfs/QmUxBaWmw8NDMHEq26qQiy6dK9yph9yZ2Sf2aGrjWfk9iW,Female,Talent,Sociable,Generosity,,,
C041,Cryptonaut .041,.041 has the ability to see the final product before she even touches her tools. This Cryptonaut is a visionary who wastes no time when it comes to bringing her ideas to life.,New Moon,https://ipfs.tothemoon.net/ipfs/Qmd9LBdTxxdsudYcA6wBd5xpoqouJRjuYV1tpvjsBwwfkn,Female,Efficiency,Imagination,,,,
C042,Cryptonaut .042,".042 is always looking for answers under her microscope. With the belief she is just one microbe away from a universe shattering discovery, this Cryptonaut is committed to reaching a conclusion. However, she is always open to various hypotheses along the way.",New Moon,https://ipfs.tothemoon.net/ipfs/QmfVvwDPktUj8Wa9bJJ5PCRkWDhZ6gV7NEJHGEjEcdB4LA,Female,Versatility,Reliability,Humility,,,
C043,Cryptonaut .043,".043 is not afraid to put his back into it. This Cryptonaut is driven to win but is certainly never a sore loser. He has class and charm, even when the competition is tight.",New Moon,https://ipfs.tothemoon.net/ipfs/QmQUsEb8rgvTkjUSD9bfvKNPAcUsyJzTPV5u2cvDD8dwQf,Male,Determination,Humility,,,,
C044,Cryptonaut .044,"This Cryptonaut may not know exactly where he is going, but that's how the most worthwhile discoveries are made. Always ready to redirect himself, .044 is a true explorer at heart.",New Moon,https://ipfs.tothemoon.net/ipfs/QmQbhBSDmb5djBLPgXP8Qf8CWs8bgUZ5PC521Wk7VRXXLD,Male,Versatility,Curiosity,,,,
C045,Cryptonaut .045,"The zen Cryptonaut who offers her infinite serenity to the gang when they need it most. .045 is perhaps one of the most enlightened of the bunch, but in a no-brag, humble way.",New Moon,https://ipfs.tothemoon.net/ipfs/QmeJDrGHffRsp3kTJM6M55PZehZSRVE2S6W8rfDqaYjpG9,Female,Conscientousness,Calm,Kind,,,
C046,Cryptonaut .046,"Not entirely sure where her parachute will take her, .046 is happy to explore wherever it is. The only thing she is certain of is that she is one of the greatest explorers to walk the moon.",New Moon,https://ipfs.tothemoon.net/ipfs/QmWLEb3twyC9hMGv8xMjBgjvCTWLz2SDA8tMHGoqamERZ4,Female,Ambition,Curiosity,,,,
C047,Cryptonaut .047,.047 is always doing things to make others laugh. This Cryptonaut is a happy- go-lucky Cryptonaut who approaches life with her arms wide open (in 3 feet of snow).,New Moon,https://ipfs.tothemoon.net/ipfs/QmNgxXFcgdQVbDGisEMgUYQn2iaFnh9wzgaRt7tPyq273V,Female,Enthusiasm,Humor,Humility,,,
C048,Cryptonaut .048,"A Cryptonaut who redefines luxury. With oozing intelligence and an alluring persona, .048 is seemingly unaware of his own grandeur.",New Moon,https://ipfs.tothemoon.net/ipfs/QmSzLxJiAKqiD6bgkGc4VTzAUVbjsDC2o6wX5zRBLjumv1,Male,Clever,Respect,Charisma,,,
C049,Cryptonaut .049,"With child-like innocence, .049's pull is her ability to enjoy the moment. This Cryptonaut doesn't let overthinking ruin anything as she's here for a good time, not a long time. Good thing her kindness offers balance to this lackadaisical attitude.",New Moon,https://ipfs.tothemoon.net/ipfs/QmdfTJ61Dd9966t7K1yYRLhPrunwPy14pGZTnffLBRZbK2,Female,Charm,Humility,,,,
C050,Cryptonaut .050,"Timing is everything and .050 always has enough patience for the perfect time's arrival. This Cryptonaut knows things have a way of working themselves out, so he waits with a mixture of ease and excitement for his coming fortunes.",New Moon,https://ipfs.tothemoon.net/ipfs/QmdyBtvHNZBEQ5bpgpgLhki65WZEdHnnPWnm66ygF6ahX7,Male,Optimism,Confidence,Enthusiasm,,,
C051,Cryptonaut .051,"A true guardian at heart. .051 has enough self-restraint, control, and vision to protect the entire galaxy, let alone the moon.",Waxing Crescent,https://ttm.mypinata.cloud/ipfs/QmUMkNxzivS51nLosvUS3xihLfByHFGUGMSk8JRqbB1Qtq,Male,Leader,Discipline,Ambition,,,
C052,Cryptonaut .052,"There is a lot to be learned from the ants, one of the strongest species in the world. For instance, an unwavering belief in the self, adaptability, and a strong conviction that all will turn out better than okay. That’s why .052 is such a force to be reckoned with- she does as she observes.",Waxing Crescent,https://ttm.mypinata.cloud/ipfs/QmV8MnXa37bxxjNW9h22zgTvdqNhPhP5nmSciBdg7ko7rT,Female,Intuition,Versatility,Optimism,,,
C053,Cryptonaut .053,"Intelligence and compassion like .053’s cannot be bought, even with all the TTM coins in the universe. Luckily, he’s already got a great deal of both and is always down to share and spread the good.",Waxing Crescent,https://ttm.mypinata.cloud/ipfs/QmcQgosE9b3sYPwUyTWpgNX3EUiR5K797jfk4TvJCApecz,Male,Logic,Focus,Kind,,,
C054,Cryptonaut .054,"There’s no need to lose it when you always know the way. And if you don’t, you’ll make it work even better than imagined. .054 finds blessings down every path she takes and knows it.",Waxing Crescent,https://ttm.mypinata.cloud/ipfs/QmQkLoqy2ymeq2AGr3c3N6qxWQ8u74dq3V1VFTBnBE42B9,Female,Luck,Adaptability,Calm,,,
C055,Cryptonaut .055,A real handyman who knows his way around any moon tool. .055 is aware of the beauty of his surroundings and only uses his skills when necessary to protect the environment.,Waxing Crescent,https://ttm.mypinata.cloud/ipfs/QmWiQxPQhTgkGFAYY1vBNZQh7mh6ew9XDsQ35bXcjm8ovi,Male,Skillful,Alert,Respect,,,
C056,Cryptonaut .056,"Hailing from the financial core of an earthly city, this business man is tied to his ventures. .056 is a smart Cryptonaut with great certainty.",Waxing Crescent,https://ttm.mypinata.cloud/ipfs/QmfR2iGL69rtamjQEK8WYKnwLnKXhHenjZfDGme9QhweK2,Male,Clever,Confidence,Responsibility,,,
C057,Cryptonaut .057,"Not every recipe goes as planned, but that doesn’t matter when you’re this good at what you do. .057 is the perfect combination of skill, readiness and passion- *Chef’s kiss!*",Waxing Crescent,https://ttm.mypinata.cloud/ipfs/QmRtrXdP2pYuDjoHGTUrpKBpssrzmi8ipjavu7SuMTNhvF,Male,Talent,Adaptability,Enthusiasm,,,
C058,Cryptonaut .058,"Staying true to her roots, everyone can always count on .058 to make a beautiful sound that comes from years of practice. She is always willing to share a good ol’ traditional Oran.",Waxing Crescent,https://ttm.mypinata.cloud/ipfs/QmZsfAW7dDMM7CGzrWs25xPtPRapT8pWmi2FG4FbANo4X3,Female,Talent,Reliability,Generosity,,,
C059,Cryptonaut .059,"Chess is a game of speed, intellect and strategy. That’s why .059 is the real queen of the chessboard. Care for a match?",Waxing Crescent,https://ttm.mypinata.cloud/ipfs/QmNc5S86mHJjspFBZcL99EyJoE4LJfSDt2UVYUxYE77tTo,Female,Wisdom,Clever,Efficiency,,,
C060,Cryptonaut .060,"A child-like wonder, anchored by an eye set on target will take you to extraordinary depths one could only dream of reaching. .060’s need to discover is the air that powers his scuba tank, as he explores the open waters.",Waxing Crescent,https://ttm.mypinata.cloud/ipfs/QmNnQWgvZyWP6ynN7NeyssnKjVri7AekNSL4AS6CZiqHF9,Male,Focus,Conscientiousness,Curiosity,,,
C061,Cryptonaut .061,"Carrying the need to share an untold story within her, .061 is quick-witted and creative beyond belief. While her vocab may be complex, she is a simple soul.",Waxing Crescent,https://ttm.mypinata.cloud/ipfs/QmPcqjQXmyXHcwK8Gy1YNCTeEr3C2X2qSN9GtbpESQucZi,Female,Clever,Imagination,Humility,,,
C062,Cryptonaut .062,"This earnest Cryptonaut shares his funny with the universe the best way he knows how- through his laptop. .062 is a viral content creator who has all the cryptonauts tuned in to his channel, waiting for their daily dose of laughs.",Waxing Crescent,https://ttm.mypinata.cloud/ipfs/QmUJrKwXQRDDQS1kghNnPJhzDdNoQRgLEXy9C69RDP6Xkh,Male,Ambition,Humor,,,,
C063,Cryptonaut .063,"Always willing to get herself where she needs to be to capture the perfect shot. .063 has an eye for not only what, but when to take the pic. Her artistic charm oozes through her work.",Waxing Crescent,https://ttm.mypinata.cloud/ipfs/Qmdnuz5a4rxbrBszcs7VkeZ2ZW837uNCaswXayfLG4sxKE,Female,Versatility,Charisma,,,,
C064,Cryptonaut .064,"The quickest fingers of the universe, taking over the GameFi space. .064’s persistence and readiness make him the best gamer of the entire universe.",Waxing Crescent,https://ttm.mypinata.cloud/ipfs/QmeFZGEVcAHtdejLZ6YKQiRLjDuhKj22rNssPD6txREX6Z,Male,Determination,Efficiency,,,,
C065,Cryptonaut .065,"With focus as sharp as his sword, .065 has the humbleness and tenacity to be the universe’s ultimate sword master. This samurai will not back down.",Waxing Crescent,https://ttm.mypinata.cloud/ipfs/QmV5EhT1miUYLWB5GbtVkn3Z5JLvtV64ppna6ximSKdJF2,Male,Discipline,Focus,Kind,,,
C066,Cryptonaut .066,"A little mystery never hurt anyone, especially not .066 because he knows he’ll crack the case wide open. Ever heard of the case of the missing lithium moon rocks? Probably not because it was solved in no time. This detective is always willing to volunteer his services.",Waxing Crescent,https://ttm.mypinata.cloud/ipfs/QmYDSHEzWYNpCVhYT4xMPfnw5aWyaRrAJtUWxdqUs52kW6,Male,Optimism,Generosity,,,,
C067,Cryptonaut .067,"Curious to know what happens when you mix Moon Pear Seeds with GAS? Just ask .067 because she’s already done it all. Her one-track mind is balanced by her steady, focused process, making her a remarkable chemist.",Waxing Crescent,https://ttm.mypinata.cloud/ipfs/QmPMkyPsBpNHBth7TvPr51V5FqoxjaE2wnU7eJGq7za775,Female,Determination,Calm,,,,
C068,Cryptonaut .068,"Kick back, relax, and just sink in. .068 is always down for a lounge- and a laugh. She always manages to keep the good times going with her cheerful demeanor and magnetism.",Waxing Crescent,https://ttm.mypinata.cloud/ipfs/QmQ88zbkhGNPmnqLqizXXoFXWXU629rhQPKs4dSa3wsY3v,Female,Humor,Charm,,,,
C069,Cryptonaut .069,"This outgoing Cryptonaut feels his way to properly caring for his trees. He knows all about their roots, stems and leaves… the process of aerobic respiration…how they use CO2 to make oxygen… .069 is determined to grow the most fertile marijuana trees for the entire universe.",Waxing Crescent,https://ttm.mypinata.cloud/ipfs/QmYk4qqNszFyCcPYcWhC3KDejDEqjNpsP9vDg3Z5z71Rxd,Male,Intuition,Ambition,Sociable,,,
C070,Cryptonaut .070,"No weapons, just skill. .070’s agility and awareness make him a Judo master. There’s no sneaking up behind this Cryptonaut…Ready, set, randori!",Waxing Crescent,https://ttm.mypinata.cloud/ipfs/QmSTYDsxKuf8jjAmGabzrw5kVabqZSjcvyPTRhFAQs7x2Z,Male,Versatility,Alert,,,,
C071,Cryptonaut .071,No hitting below the belt here. .071 takes care to give nothing but a fair match. Why wouldn’t he when he has an unwavering faith in himself and his vigilance.,Waxing Crescent,https://ttm.mypinata.cloud/ipfs/QmV493FyRW8aLKDNZZA2tZQfGM9TfCUvSvJpYhFPmwKZqJ,Male,Alert,Confidence,Responsibility,,,
C072,Cryptonaut .072,"Every Cryptonaut loves to visit the kind butcher. With her clever zingers and gentle nature, .072 uses her knife to chop and share! There is always more than enough at this butcher’s shop.",Waxing Crescent,https://ttm.mypinata.cloud/ipfs/QmRoqVUyA7nkMqDS62ftTPzxJgBb5Udwdj6NxosaKYL2hn,Female,Wit,Generosity,,,,
C073,Cryptonaut .073,"Got to move the GAS and Lithium Moon Rocks from A to B somehow. Luckily, .073 is all about keeping to the process and not wasting any resources. His down-to-earth character has made him a go-to for safe transportation of naturally occurring valuables of the moon.",Waxing Crescent,https://ttm.mypinata.cloud/ipfs/QmNpEwgz4tcNcenFrcgj6HYrTpxL5Sz2fARG6LD7cCcnBM,Male,Humility,Respect,,,,
C074,Cryptonaut .074,This snow bunny is certain she’ll be the first at the foot of the moon mountain. The only thing slowing .074 down is her little detours to explore off the beaten paths. Cross-country skiing anyone?,Waxing Crescent,https://ttm.mypinata.cloud/ipfs/QmPEmSZNR8g2MjhoacfP3pKhEGtUizaQemFxofbi8NzRXs,Female,Confidence,Curiosity,,,,
C075,Cryptonaut .075,"Not exactly the type that can be rented for kid’s birthday parties… .075 has too much natural feeling, confidence and charm for a distracted audience like that. This magician is a proper showman and the headlining act, so, step right up and see the great and powerful .075!",Waxing Crescent,https://ttm.mypinata.cloud/ipfs/QmamXFJBE1jzRpP5ACCCshv1rS5AttTqMzn2YzdDJ4V1nc,Male,Intuition,Faith,Charisma,,,
C076,Cryptonaut .076,"In a very Rockstar-esque way, .076 is the center of attention. His ability to play the drums like no one else and outgoingness may be what draws people into the party, but it’s his humanity and sweetness that keep them there.",Waxing Crescent,https://ttm.mypinata.cloud/ipfs/QmNTQF8VWgj1Cbnae9xNmUmgdiLneGPtFsGgjMZvCeHbZN,Male,Sociable,Kind,,,,
C077,Cryptonaut .077,".077 has got her tokens locked and loaded. With that striking tenacity and boldness, softened by her grace, she won’t be dialing the combination for just any opportunity that comes her way.",Waxing Crescent,https://ttm.mypinata.cloud/ipfs/QmTrdJWNwbYrwTWjHgJSA1cMcBPp7j64krsyyDwL1JPHVd,Female,Ambition,Enthusiasm,Charm,,,
C078,Cryptonaut .078,".078 is the perfect example of how reading builds intelligence and humor. The only problem is trying to get him to look up from his book and throw some of that banter, but that just proves his commitment to his work as the moon’s leader in literary research.",Waxing Crescent,https://ttm.mypinata.cloud/ipfs/QmToTrTc8XATrqbo15mUgRMDRXNHavxnXTFQkJs3r53u8i,Male,Responsibility,Wit,,,,
C079,Cryptonaut .079,"This old soul reminds the other Cryptonauts that no matter how far development on the moon goes, they must stay humble and that sometimes, going back to basics pays off. Side note- .079’s charm also helps him win this argument.",Waxing Crescent,https://ttm.mypinata.cloud/ipfs/QmWRJYKNAF17dPnnoqoBWthxk7JR96NcCJtht4antAKvBE,Male,Charisma,Kind,,,,
C080,Cryptonaut .080,".080 knows when to hold ‘em and when to fold ‘em. His belief in himself and ability to play whatever cards he is dealt, is all part of what draws others to him.",Waxing Crescent,https://ttm.mypinata.cloud/ipfs/Qmc2VS5vZajQHhUqrg4aSYE8PELn2mnxWTaiGmwqBG7U7W,Male,Faith,Adaptability,Charm,,,
C081,Cryptonaut .081,"Always willing to share a nice cold one, .081 is the friend that is sure to be there. He will always lend an ear over a pint or two. Just be ready for an adventure later on- drinking puts him in an explorative mood.",Waxing Crescent,https://ttm.mypinata.cloud/ipfs/QmRrCxVNJP9DXKQdQ8VwES1TBzDXCCX5g1ofts1gUSwhrD,Male,Reliability,Curiosity,,,,
C082,Cryptonaut .082,"These are not your Grandma’s mittens. .082’s knitting creations are utilitarian works of art. Her pieces are used by all on the moon to promote the 3 R’s- Reduce, Reuse, Recycle! Not to mention she’s a machine and gets everything done in no time.",Waxing Crescent,https://ttm.mypinata.cloud/ipfs/Qmds7RLrgjJpd7DXepwje5JubEaWbMfJFKuqusYeHLskTR,Female,Conscientiousness,Efficiency,,,,
C083,Cryptonaut .083,"A serene stream, steady as she goes. .083 may be up in the air on a rope, but she’s as grounded as they come. Everyone can count on her, no matter how high up she decides to walk.",Waxing Crescent,https://ttm.mypinata.cloud/ipfs/QmR5mJaxejoyrToyjaKvsUsyM5zFvDX337jx8mxGdoH17Q,Female,Reliability,Calm,,,,
C084,Cryptonaut .084,"Keeper of public notices, this Cryptonaut’s trustworthiness and enthusiasm makes him the best man for the job. .084 is a bit of a stickler, but no one seems to notice or at least mind because of his ability to make everyone laugh.",Waxing Crescent,https://ttm.mypinata.cloud/ipfs/Qmf4Lp3Y2FSJUM5KWjcqZwoMfEHSmx28XNmHLyc7Gpa3U2,Male,Optimism,Responsibility,Humor,,,
C085,Cryptonaut .085,"No retirements on his watch. .085 is a racer who knows the track like the back of his hand. And as if that’s not enough, his sureness of himself and humor certainly make up for it.",Waxing Crescent,https://ttm.mypinata.cloud/ipfs/QmQdihJESBdmkvLaMJLkzRQcQ5U9TWXWS37y3mJ3nHtJ9K,Male,Confidence,Reliability,Wit,,,
C086,Cryptonaut .086,This Queen of the Grill is the ultimate pitmaster. .086 is so good at what she does that no one can tell it’s not actual meat. Her ethical cooking has all the cryptonauts lining up for seconds!,Waxing Crescent,https://ttm.mypinata.cloud/ipfs/QmdwX7ZTu8Nq1LhHDicAtcTnjckDgCmuDnEmwDCULc5YSW,Female,Conscientiousness,Kind,,,,
C087,Cryptonaut .087,"This ballerina nails the entire choreography in one-go. With the grace of a moon swan .087 draws others to her and honors all other dancers, regardless of her genius.",Waxing Crescent,https://ttm.mypinata.cloud/ipfs/QmQcKkLEHU4oErKucFRyBfkeDJ5bTz4rE82PbY8WyQH8S9,Female,Sociable,Respect,,,,
C088,Cryptonaut .088,Had a rough day? Have a jump with .088 and get the good vibes flowing. She’s a real wise-cracker who is more than happy to jump rope with anyone who’s in need of those feel-good endorphins.,Waxing Crescent,https://ttm.mypinata.cloud/ipfs/QmaHDzUSfmvkV2rxfzvHZUufH8Dy5gXvxBRSTs6UhNeqvH,Female,Humor,Humility,,,,
C089,Cryptonaut .089,As if there wasn’t already enough of a lack of gravity on the moon….but maybe it’s the irony of it all that makes .089 such a hilarious guy. He’s always willing to share some air on his trampoline.,Waxing Crescent,https://ttm.mypinata.cloud/ipfs/QmS9iwZoRWgBG5SWzEadfNB6f258a66NfV5GinxrMkeuCG,Male,Humor,Generosity,,,,
C090,Cryptonaut .090,"With an impeccable taste in music, .090 knows the best of every genre. You ask for it, he’s got it! This Cryptonaut makes all the moon beats for the universe to enjoy and serves them with a side of warmth and passion that no other entertainer does.",Waxing Crescent,https://ttm.mypinata.cloud/ipfs/QmYX4HFGv7Z9eS2PKc77MihUAGinSKexLDNF4a9ZzZiwNA,Male,Versatility,Enthusiasm,Generosity,,,
C091,Cryptonaut .091,"Of course, .091 is always at ease - he’s carrying more than most can imagine. Radiating positivity and quiet confidence, this Cryptonaut knows true treasures are found among the stars and kept safe in the bag.",Waxing Crescent,https://ttm.mypinata.cloud/ipfs/QmV6Ab4MvyTqebTgYpZHhpmTX2CWvwpgq1P935EYt6L6kY,Male,Optimism,Charisma,Calm,,,
C092,Cryptonaut .092,"Master of the curve shot, .092 gets every ball into the pocket. This must be from his clever and quick nature. An approachable guy, always down for a game who keeps everyone laughing with his tricks.",Waxing Crescent,https://ttm.mypinata.cloud/ipfs/QmUeULAsqy36FfqLqULRb9Y6tYNFn2ZjvnRbRxn5eR6kUa,Male,Humor,Wit,Sociable,,,
C093,Cryptonaut .093,"Ready to go wherever life takes her, .093 is always ready for a whimsical adventure. But open her suitcase and you’ll see she only carries the basic essentials and does not let frivolous objects slow her down. This Cryptonaut is all about the experience!",Waxing Crescent,https://ttm.mypinata.cloud/ipfs/QmUi9tBU1AUa1kMUXmyV6kN2KrwD9KZsWM8mnBBRsxAvdm,Female,Imagination,Humility,,,,
C094,Cryptonaut .094,"Good luck getting an appointment with the moon’s top hair stylist. .094 is a master artist who stays true to the rules of styling- No rounded bangs on a diamond face! But part of his appeal is his appreciation for his clients, as he never takes his business for granted.",Waxing Crescent,https://ttm.mypinata.cloud/ipfs/QmfPSuWG7AXCCE8QeSrcv4zivaTDEtx1wb465qJYJRw82z,Male,Charm,Respect,,,,
C095,Cryptonaut .095,"The Universe’s resident Moon Cave Specialist. This speleologist has a one-track mind set on reaching depths of caves no one even knows exist! And also, in record-breaking time no one even knows is possible! The need to find what lies inside in the depths is what drives .095 on his journey.",Waxing Crescent,https://ttm.mypinata.cloud/ipfs/QmV6EU6ijyVtPLGYJuyTBwpmjLsgewaNxdCadiAyLUUPQu,Male,Determination,Efficiency,Curiosity,,,
C096,Cryptonaut .096,"A creative soul who prefers to do his work in peace. That’s why .096 is an artist of the night. Though not many see him around, they have all come to appreciate his meaningful work.",Waxing Crescent,https://ttm.mypinata.cloud/ipfs/Qman77oomYdkDu5arpuQLga9UxSgoomgjgWHtY1ieDFVbe,Male,Imagination,Conscientiousness,Calm,,,
C097,Cryptonaut .097,The most gracious show-stopper you’ll ever meet. Regardless of his talent .097 is as unpretentious as they come and he is loved all the more for it.,Waxing Crescent,https://ttm.mypinata.cloud/ipfs/QmXnHjM5km3Pv91Sa7aB86P1Xznx2N7iwBYTwzcZhgpZCu,Male,Humility,Respect,,,,
C098,Cryptonaut .098,"The only thing more fun than flying a kite on a windy day on earth, is flying one on the moon. .098 knows what’s good. It’s all fun and games when you are this campy and big-hearted!",Waxing Crescent,https://ttm.mypinata.cloud/ipfs/QmNwhhtGZjsSccP5oDPkPbozaPXX2s6nQPgoFiywnPyMXu,Female,Wit,Generosity,,,,
C099,Cryptonaut .099,"Catch her at the Moonporium taking advantage of the best deals. .099 is a passionate couponer, always looking to discover the best finds tokens can buy.",Waxing Crescent,https://ttm.mypinata.cloud/ipfs/Qmdt76FJzB1vErkZgyRFT6nyrZSBYWmSpVMa5wwCay2uGM,Female,Enthusiasm,Curiosity,,,,
C100,Cryptonaut .100,"Some call it being in the right place at the right time, others call it a coincidence, but somehow, this Cryptonaut always manages to discover the most valuable runes of the moon’s surface. Fortunately for him, no one is jealous of his riches and are instead drawn to him because of .100’s pure nature.",Waxing Crescent,https://ttm.mypinata.cloud/ipfs/QmX3FbjnKzreH8myYA9Kvbb5jH2RgYVCBRqaKfhgY8dT4F,Male,Luck,Sociable,Respect,,,
C101,Cryptonaut .101,"This enlightened Cryptonaut seeks the more bucolic side of the moon. Find .101 hidden amongst the serene mountains, absorbing all the knowledge a Cryptonaut can.",First Quarter,https://ipfs.tothemoon.net/ipfs/QmTL9w9VUoeuGaHpi9C1Fq35SuMFCgqSCV7SsFPyky8tuk,Male,Wisdom,Focus,Calm,,,
C102,Cryptonaut .102,"90's nostalgia anyone? You may think the boom box is passe, but .102 is bringing it back and this time, to the moon. This Cryptonaut is full of good vibes and uses creativity to liven up any lackluster space.",First Quarter,https://ipfs.tothemoon.net/ipfs/QmXuz62f59jgEgyByYv4Xv1ipS42y8yafmumFMUJPaR3Ad,Female,Optimism,Enthusiasm,Imagination,,,
C103,Cryptonaut .103,"Make love, not war. .103 is one gentle soul whose unwavering belief carries this flower child through life. Just like the flower, this Cryptonaut is sewn to the environment around it.",First Quarter,https://ipfs.tothemoon.net/ipfs/QmX7hdmmK8DTH4TjBZT3k5FVoSZY22PiFR6HNG7Zc3RVqN,Male,Faith,Conscientiousness,Humility,,,
C104,Cryptonaut .104,"The quick movements of .104 are nearly invisible to the naked eye. This martial arts master is ready to adjust based on the threat before her. She has a talent for anticipation. Though .104 could, she would never hurt another and only utilizes her talents when defense is necessary.",First Quarter,https://ipfs.tothemoon.net/ipfs/QmbqrYbFF49gwkEEjq1dz1juu1dQJbEQGZefAuUPy2PZo9,Female,Discipline,Adaptability,Kind,,,
C105,Cryptonaut .105,Probably the moon's toughest bouncer- there will be no casual entry into the vault on .105's watch. There is a certain vision to his work as he feels out who's in it for the long run and who's not. And if you're a dumper- Access denied!,First Quarter,https://ipfs.tothemoon.net/ipfs/QmdtVhQSht8c2xdrB17C5BhuQEWDJWtDchXLgc2F18VS9J,Male,Intuition,Determination,Curiosity,,,
C106,Cryptonaut .106,This is one smooth Cryptonaut. .106 has the skills to dance his way through any obstacle with incredible energy and passion. Swerve.,First Quarter,https://ipfs.tothemoon.net/ipfs/QmV47x8yoYqpAkLR4gxesu1fwDhQiAgJDGcb2TDjTzfq2K,Male,Talent,Versatility,Enthusiasm,,,
C107,Cryptonaut .107,"With the natural ability to sense what lies beyond the thick surface of the moon, .107 is never short of direction. This Cryptonaut knows the way and with blessings from the universe gets it right every time.",First Quarter,https://ipfs.tothemoon.net/ipfs/QmPGbxWC7omw4oUi1nWRwqLB43CpaFiodqcU6oND8UYdDV,Female,Luck,Intuition,Charm,,,
C108,Cryptonaut .108,You can always count on this resourceful soul to help things grow. .108 keeps his focus on the future and won’t stop watering progress until every mission blooms.,First Quarter,https://ipfs.tothemoon.net/ipfs/QmQkRsZYAtzMWWUuNM9JxZSHwumyE12APqj99gki7JzCh2,Male,Ambition,Reliability,Kind,,,
C109,Cryptonaut .109,"This Cryptonaut's child-like wonder is what keeps him tied to a virtual reality of his own. You'd think .109 lives in another world and therefore exemplifies the more absent-minded qualities a human can have, but on the contrary, he has the tenacity and intelligence of the most apprehensive beings of the entire universe.",First Quarter,https://ipfs.tothemoon.net/ipfs/QmVcUN9VFjHUTrBZsANAM2zjGJjdoAQ398qH9DgnXGohfo,Male,Focus,Clever,Curiosity,,,
C110,Cryptonaut .110,"This expert of espionage will contort his way through any crevice. .110 is a compassionate Cryptonaut, who uses his shuriken (throwing stars) as a delaying tactic, not to pierce his opponents.",First Quarter,https://ipfs.tothemoon.net/ipfs/QmNtDMqNtW5CMXyCKb9wGcay9Ysu9cCbJ9gog5YkFWvdhN,Male,Skillful,Adaptability,Respect,,,
C111,Cryptonaut .111,".111 moves with air in the tank and no fear in the step. When the mission calls for extra oxygen, he’s already in motion. Others try to match this charge-ahead energy, but can’t replicate this Cryptonauts unique spark.",First Quarter,https://ipfs.tothemoon.net/ipfs/QmTGdmBuMvHFQ67UbMyspZcTK9JygoYzwjpt8kZBg6bqWz,Male,Leader,Intuition,Charisma,,,
C112,Cryptonaut .112,"If anyone should be the gang's main source of spiritual illumination, it's .112. With her magnetic, bright energy, this Cryptonaut can handle revealing the path to enlightenment. Think not of her as a teacher, but simply a revealer.",First Quarter,https://ipfs.tothemoon.net/ipfs/QmafHs1PwYboyDU8hQzBct9pxHCLXXER6jk4jCmJtpSNWM,Female,Optimism,Responsibility,,,,
C113,Cryptonaut .113,"You have to have complete trust in the universe when you're falling 14,000 feet through the galaxy sky. All his successful jumps and lands on the moon's surface have made .113 one self- assured, outgoing Cryptonaut.",First Quarter,https://ipfs.tothemoon.net/ipfs/Qma5iMP99iRgtkJxroacvScRruMNVY2325aiS6uzj7xyn4,Male,Faith,Confidence,Sociable,,,
C114,Cryptonaut .114,"The diploma is a symbol of tenacity and maturity as it reminds one of the years of effort traded off for being called up to the podium. .114 represents these same virtues as she has the discipline to reach any goal, academic or not. Hats off, Grad!",First Quarter,https://ipfs.tothemoon.net/ipfs/QmV7ZbjgsbbEdYxMJwpen9n3GqznxxAPub9tSSDqKRcLXQ,Female,Determination,Responsibility,,,,
C115,Cryptonaut .115,"You would think he was a greedy Cryptonaut, but on the contrary loves to share his most beloved dishes and is always down to make merry around the table. Believe it or not, he is also a vegetarian who promotes a green lifestyle. Bon Appetit!",First Quarter,https://ipfs.tothemoon.net/ipfs/QmdybpHg5LqVoARpZYzJXe6iZYkqLCMRERJYzgtUv2RJ4B,Male,Conscientiousness,Charm,Generosity,,,
C116,Cryptonaut .116,Discipline does not dull .116’s natural charm or sharp humor. He’s a lively presence who pilots every mission with style and precision. Need direction through uncertain skies? Just ask the Cryptonauts’ trusted aviator to lead the way.,First Quarter,https://ipfs.tothemoon.net/ipfs/QmR1TbSxqfU7VGSfCDhPEG22tdTdZ2vasJZeSDnCJdAtcL,Male,Sociable,Wit,,,,
C117,Cryptonaut .117,"You just know .117 will catch the ball, no matter how high or extravagant the toss is. As predictable as a machine, this Cryptonaut has plenty of talent but will never be the one to brag about it- a true entertainer at heart.",First Quarter,https://ipfs.tothemoon.net/ipfs/QmQafE1qtVmk5ajc2Q1BpHiW97PsrsE5eqoYaa4bNgepYr,Female,Reliability,Humility,,,,
C118,Cryptonaut .118,"Kick back, relax, and enjoy the lull. .118 certainly has this sequence mastered. Without a care in the world, this Cryptonaut knows all will turn out as it should, as long as one focuses on and contributes to the good.",First Quarter,https://ipfs.tothemoon.net/ipfs/QmXSCpBEE392TQZbvP3FDW1XW9c2De5GrSVgt746ZUV2y5,Female,Confidence,Calm,Kind,,,
C119,Cryptonaut .119,"Can you keep up? .119 certainly can. Always ready to serve up something better than the last round, this Cryptonaut won’t leave the pan until the job is done. Unless, of course, friends are nearby - then the only thing being cooked is a good time.",First Quarter,https://ipfs.tothemoon.net/ipfs/QmaES8nkDPupfP9RfwxCTBEncy7xC3MekvH4BpGJ15LvYS,Female,Determination,Sociable,,,,
C120,Cryptonaut .120,"A bit of a daredevil. Spends most of his time making his wrongs, right. .120's focus is to live it up, even if that means paying for it later. But this bad boy is harmless with his only crime being trying to keep the gang in stitches.",First Quarter,https://ipfs.tothemoon.net/ipfs/QmUcoAp5bxZYgQiR46Pn3iv7YWvYS4QxMma4rpds4kYGJW,Male,Humor,Sociable,,,,
C121,Cryptonaut .121,"A truly generous soul. .121 always considers the future generations and what will be left for them. She understands that good things (like vegetation and organic foods) take time to grow, yet continues to display selflessness through her dedication to caring for Cryptonauts she may never meet.",First Quarter,https://ipfs.tothemoon.net/ipfs/QmefMzJCSzqjQ3d1sCa6LWnsfkdYPREVjwoAb9Hpu5mQuj,Female,Conscientiousness,Humility,Kind,,,
C122,Cryptonaut .122,Good luck spectating a match with .122 playing. You won't even spot the ball because of her quick drives and smashes. Many believe she can accurately play out the entire game in her head before reaching the table for first serve. This Cryptonaut's grit is simply remarkable and unmatchable!,First Quarter,https://ipfs.tothemoon.net/ipfs/QmPTohRUEY38hTXGBrsv37s95YtEsY4SVpF8A4ueV73Vgn,Female,Focus,Clever,,,,
C123,Cryptonaut .123,".123 definitely holds the most life experience after living out many full years, but does not act like the senior he is. His zest for life, combined with all the lessons he's learned make him one of the most popular and interesting Cryptonauts, especially amongst the youth!",First Quarter,https://ipfs.tothemoon.net/ipfs/QmeGGoYnTTGmNFCYWT95QqpT3iVs3h52uzpi1fY6J3W5CS,Male,Wisdom,Imagination,Charm,,,
C124,Cryptonaut .124,"This Cryptonaut loves to be suspended mid air, even if it's only to dangle and hang. .124 is the first to reach any destination, but does so while maintaining an ease to her technique.",First Quarter,https://ipfs.tothemoon.net/ipfs/QmcNnqssjcG5CVuMBvQbbte89xzZJNRH6NEe2Z7ZEHUQYk,Female,Efficiency,Calm,,,,
C125,Cryptonaut .125,"Put your hands up and enjoy the way down! .125 is all about the feeling in her stomach when she lets gravity do its job. Her playful, engaging attitude feeds her need-to-discover way of life.",First Quarter,https://ipfs.tothemoon.net/ipfs/QmXfu4y5tqNuKM2HpuW7fVp6wXfSzUgF38j9sVtXBQcj3t,Female,Curiosity,Charisma,,,,
C126,Cryptonaut .126,"This courteous Cryptonaut serves sincerity on a silver platter. .126 is the most gracious host who is a magnet to those around him, not because of his hospitality, but because of his massive heart.",First Quarter,https://ipfs.tothemoon.net/ipfs/Qmf25mB6K5rxyVUu4YF28hfRMaGBaSH6tLLpYiS4C8Xmpy,Male,Charm,Generosity,,,,
C127,Cryptonaut .127,".127 understands a solid base comes from hardworking, steady hands. This Cryptonaut always delivers great work, on time, making her one of the best builders on the moon.",First Quarter,https://ipfs.tothemoon.net/ipfs/QmVWCbyjUF2VXjEKAyTaGL22zNaji71woFD4gajan563bt,Female,Efficiency,Reliability,,,,
C128,Cryptonaut .128,This creative soul maintains her playfulness and innocence through seeking pleasure in the simple things of life. .128 is a whimsical character who's sure to blow everyone away!,First Quarter,https://ipfs.tothemoon.net/ipfs/QmTQayWtwC6iMKoGHRSD1Q4t8Rq3UDxo2S81pFiPF9nAJs,Female,Imagination,Kind,,,,
C129,Cryptonaut .129,"When lifting this heavy, one must be sensible and accountable for the goal set out to reach. This is what makes .129 one the greatest lifters the moon has ever seen. He is steadfast, yet ensures to always have a spotter nearby.",First Quarter,https://ipfs.tothemoon.net/ipfs/QmPSVogrdGqgkx7mhAojFm4HXCqa8B6i6Ec1nJeAkVormZ,Male,Ambition,Responsibility,,,,
C130,Cryptonaut .130,Ready to reach heights no one has reached before! .130 is prepared for whatever size rock the mountain may send tumbling his way. This explorer has a goal to touch every snow-brushed peak and see every breathtaking view.,First Quarter,https://ipfs.tothemoon.net/ipfs/QmZmUAk33yRJ8kiHgZRki2L12PsJW857cHiSSB3vgcbVgF,Male,Adaptability,Clever,Curiosity,,,
C131,Cryptonaut .131,".131 is all about going with the flow. Only once he reaches full acceptance of the stream's movement, can he readjust to any obstacles in the way. Along with the path of least resistance, this Cryptonaut understands the ebbs of generosity- what you give is what you get.",First Quarter,https://ipfs.tothemoon.net/ipfs/Qmae42EQR2hnSFnx2sDvuNfYW6TXZn4wqJB6yKafi3vGRu,Male,Adaptability,Determination,Kind,,,
C132,Cryptonaut .132,"The moon's resident stuntman loves to set his sight on impossible heights and reach them. .132 is sure of himself, but even when he doesn't make the ollie, shows the values of a true sportsman.",First Quarter,https://ipfs.tothemoon.net/ipfs/QmeWTTDZj1BYgqQdi2Besy9KgWb4tBF5oMud3kFnXK86MX,Male,Ambition,Confidence,Respect,,,
C133,Cryptonaut .133,"In the blink of an eye, watch her vanish into the horizon with her killer front stroke. This Cryptonaut can make a speed boat look like a lazy duck cruising its way down the river. .133's gusto for and passion for life seep through her perma-mood of whimsicality.",First Quarter,https://ipfs.tothemoon.net/ipfs/QmT1kWxGz3xVJAKbEzhRUNRZYGSwGVAd2niLQMBengtpUp,Female,Enthusiasm,Wit,,,,
C134,Cryptonaut .134,"Cryptonauts line up for miles outside his shop, even if it's just to get a whiff of his famous cornbread. With a heart of gold, it's hard for .134 to not have enough for everyone but his baked goods are just too irresistible to be able to keep up with the demand. Luckily, his bakery assistants help him out a bit, so he can still charm the crowds while maintaining his jolly Ol' town baker status.",First Quarter,https://ipfs.tothemoon.net/ipfs/QmcroPctZRt5rCqZEnW53JZrgexpPLPEt74uyZfhxojvUU,Male,Generosity,Charisma,,,,
C135,Cryptonaut .135,"The job of the farmer is no joke. .135 is up before the sun and still tending to the crops long after it disappears for the day. Fortunately, this Cryptonaut understands the value of hard work and how the payoff only multiplies with time.",First Quarter,https://ipfs.tothemoon.net/ipfs/QmaT3E4WDZMDZSzGrNZLWN3cXDaAK49CUfFXRuypL6s4LG,Male,Discipline,Humility,,,,
C136,Cryptonaut .136,No melancholy pieces here. This prodigy's song will turn a dark day into the brightest meteor shower and her personality will do the same. .136 is quite a phenomenon of the moon.,First Quarter,https://ipfs.tothemoon.net/ipfs/QmcmVpEzUsueahiRUnp5cmUThVFLbBjrj9m5Dw1MkBtxsv,Female,Optimism,Charm,,,,
C137,Cryptonaut .137,"You may think .137 does nothing but sweep the same spot all day, but no corner of the universe escapes this Cryptonaut’s notice. This sharp-minded soul always finds the bright side and keeps every path clear for others. So regardless of all that gets stirred up, .137 could never be called anything but a force for good.",First Quarter,https://ipfs.tothemoon.net/ipfs/QmPwUp9dYYqpUmXEcgUXw3kcw1Rb22dpGdSV2TMnM7Ayms,Female,Alert,Clever,Optimism,,,
C138,Cryptonaut .138,"Not sure if you heard, but tradespeople are always in demand on the moon. It's not easy to arrange for one's services and if you do, they may not show up because they are requested at a bigger job elsewhere, but not this craftsman, wherever he commits to be, he'll be. .138 is ready to work and his word is as solid as wood.",First Quarter,https://ipfs.tothemoon.net/ipfs/QmZ5YzrUEQuGo5cGYzDh4MSoFQXCTG8SvYyS2AJD57NQgG,Male,Reliability,Responsibility,,,,
C139,Cryptonaut .139,"Gather around the fire with this zany Cryptonaut. .139 always has a hilarious campfire story to share. Basically, if you ever get an invite to join her, you'd be crazy not to…and don't worry about the marshmallows- she's literally got a life supply! S'mores up!",First Quarter,https://ipfs.tothemoon.net/ipfs/QmdrgLzshbKJfBMeTZo9iURS6nw6q66DVWyeuwMBoGbQsu,Female,Humor,Sociable,,,,
C140,Cryptonaut .140,"The real Iron Man. People say .140 has hands of gold that form the most incredible objects and can withstand such extreme temperatures-bare! Maybe that's the secret as to how quick he works. Also, if ever in need of a laugh, sit in at his shop. This Cryptonaut loves to spew jokes while crafting.",First Quarter,https://ipfs.tothemoon.net/ipfs/QmTEcYN3LouHX3h84pnxC6VdGKdqknZUuLwY7cy5VgxuYb,Male,Efficiency,Wit,,,,
C141,Cryptonaut .141,It takes plenty of vision to see beyond the blob of clay .141 begins molding with. Only through this vision can she make the most incredible ceramics with intricate designs. Her hands are her guide as she quietly observes the way they want to move. The decorative artist is nothing but a vessel according to this Cryptonaut.,First Quarter,https://ipfs.tothemoon.net/ipfs/QmU4fYk6FkwiUbUrXmBEcbSDGwHqtE8PBmDzzWXEiMpDEJ,Female,Imagination,Calm,,,,
C142,Cryptonaut .142,.142 is ready to scour the sea and observe life through his binoculars. This Cryptonaut is prepared for whatever the blue may bring and always keeps on his toes. All aboard the SS Exploration!,First Quarter,https://ipfs.tothemoon.net/ipfs/QmSco7DwviqtsBBgFuU7AmdbS6yFoQpgoTHbnRv5Vsti18,Male,Alert,Curiosity,Versatility,,,
C143,Cryptonaut .143,"This lovable Cryptonaut always puts together the most elaborate, plush arrangements. It is mostly because she doesn't use her flowers sparingly. .143 will go above and beyond and even include extra to provide the full, elegant effect.",First Quarter,https://ipfs.tothemoon.net/ipfs/QmVRXUNxx6UEj8fQniji14XtMZmG66bK4Xkpy8qPanuTSo,Female,Charisma,Generosity,,,,
C144,Cryptonaut .144,"A very honest Cryptonaut who will share the true worth of every jewel. .144 is the farthest thing from a trickster who wants to rip someone off. His honesty, kindness and passion for his work has made him the number one jeweler on the moon. Planning to pop the question anytime soon?",First Quarter,https://ipfs.tothemoon.net/ipfs/QmaGnWcg1Cq6Xv9Ev28Mve8dWmw3GFJZ8KHUtV4Svpqe6g,Male,Enthusiasm,Humility,Respect,,,
C145,Cryptonaut .145,"Always looking for the next fossil or rune to discover, .145 is a major advocate of making the most of the land, but with the utmost respect. He is currently working to minimize the environmental impact on construction machinery used on the moon. Not to mention, this Cryptonaut is a hoot to hang with, so if you're ever down for cleaning artifacts, you're in for a good time.",First Quarter,https://ipfs.tothemoon.net/ipfs/QmXEGz7RcCrDFU2oX5KvvAjuWfKUcCiXtX58Cujmh9peFS,Male,Conscientiousness,Curiosity,Humor,,,
C146,Cryptonaut .146,"Want to see your colony at 10,000 ft? Just say the word and .146 will take you there. There's no place she won't go, regardless if it seems too far, or high. This thrillseeker simply wants to see the universe from remarkable coordinates and laugh the entire time doing it. Now you know why everyone loves her company.",First Quarter,https://ipfs.tothemoon.net/ipfs/QmZxocksjUpLRRjQoo5enHuT3Bdtk8s2DMmXMXbBukJ7NX,Female,Charisma,Curiosity,Humor,,,
C147,Cryptonaut .147,"""When in doubt, let your horse do the thinking."" .147's admiration and bond with horses began at a young age and hasn't stopped growing since. When not on his horse, he's yarnin' the hours away at the saloon telling tales of the Old West!",First Quarter,https://ipfs.tothemoon.net/ipfs/QmQ4PH6shT4p1GbVZEr5RN942ktinBdzxbJeAsweXonfhR,Male,Sociable,Respect,,,,
C148,Cryptonaut .148,"It's rare to find this acrobat in an upright position. But in whichever orientation you meet her, this Cryptonaut's warm soul will always shine through. .148 is eager to share her skills and teach admirers technique.",First Quarter,https://ipfs.tothemoon.net/ipfs/QmXNry1yoAXB9wdi4BDVNunryf1jtE326MtGRwbKtAzv7m,Female,Charm,Kind,,,,
C149,Cryptonaut .149,"The moon's resident film buff. .149 is an easygoing Cryptonaut who enjoys sitting back and watching the classics. His extensive knowledge in cinema is what makes this Cryptonaut such a clever, quick conversationalist with brilliant references.",First Quarter,https://ipfs.tothemoon.net/ipfs/QmVP53PS1bLifA9LxBgZuKavpaCdt7h8eueRYkkKs3mXc3,Male,Logic,Calm,Wit,,,
C150,Cryptonaut .150,"Always hitting the double bull, there is no one more accurate than .150. It's fascinating to witness his laser-sharp focus the moment before he throws. Just be sure to keep quiet because no one dares to disturb the billiards master.",First Quarter,https://ipfs.tothemoon.net/ipfs/Qmcw4t9UgacAZwhgzXHwhPt7NjGZNYmNAuyr4xWFSNjsfF,Male,Skillful,Alert,,,,
C151,Cryptonaut .151,".151 knows a true ruler is one who believes he is worthy to govern the group. Opinions of sheep aside, it's time to claim the throne.",Waxing Gibbous,,Male,Leader,Ambition,Confidence,,,
C152,Cryptonaut .152,"Ready for whatever threat is hiding around the corner, .152 is precise beyond belief. This Cryptonaut finds joy where others usually face fear- in meeting the unknown.",Waxing Gibbous,,Male,Skillful,Versatility,Alert,,,
C153,Cryptonaut .153,"Up before some even call it a day, .153 knows that others rely on her to show up and she simply can’t let them down. A woman of her word, this Cryptonaut will never let one of her animals go astray.",Waxing Gibbous,,Female,Discipline,Efficiency,Responsibility,,,
C154,Cryptonaut .154,This master of tactic is prepared to reroute at any point. .154 has the universe on his side and treats others with dignity as a way to pay it back for that.,Waxing Gibbous,,Male,Luck,Adaptability,Respect,,,
C155,Cryptonaut .155,An unshakeable Cryptonaut with the ability to maintain composure in the most heated of situations. .155 holds his stance and is determined to stay that way.,Waxing Gibbous,,Male,Discipline,Focus,Calm,,,
C156,Cryptonaut .156,"An earnest Cryptonaut, eager to keep the crowd in tears- of laughter that is! .156 is always ready for a show and his puppets are a tool to bring the group closer together.",Waxing Gibbous,,Male,Enthusiasm,Humor,Sociable,,,
C157,Cryptonaut .157,".157 is always working on maximizing her physical and mental potential, so rest assured she can defend the group at a moment's notice. It’s just not recommended you sneak up on this Cryptonaut, especially while she's drilling. Hey, she’s only human after all.",Waxing Gibbous,,Female,Focus,Reliability,Alert,,,
C158,Cryptonaut .158,Only someone as controlled and on guard as .158 can handle the precision necessary to use this tool. This Cryptonaut knows what's in his hands is anything but a toy.,Waxing Gibbous,,Male,Focus,Discipline,Calm,,,
C159,Cryptonaut .159,"Always able to find something worth laughing about, .159 will eagerly make do with whatever gets thrown her way. Never underestimate the jester- she is no fool.",Waxing Gibbous,,Female,Optimism,Enthusiasm,Humor,,,
C160,Cryptonaut .160,".160 is a skilled sorcerer who knows all the tricks to have everyone swooning. But it’s not all about wowing the group, this wiz is smart enough to use his powers for the greater good of all Cryptonauts.",Waxing Gibbous,,Male,Wisdom,Clever,Charisma,,,
C161,Cryptonaut .161,An ancient Egyptian ruler that knows you have to be quick on your feet to wear the Nemes on your head. That’s why .161 keeps his banter game strong.,Waxing Gibbous,,Male,Ambition,Wit,,,,
C162,Cryptonaut .162,".162 is capable of marching the distance of the moon, no problem. Along with that, this legionary can throw or thrust his spear in any direction- just say charge.",Waxing Gibbous,,Male,Determination,Adaptability,,,,
C163,Cryptonaut .163,"A leader from a great ancient dynasty, .163 does not rule with an iron fist, but instead with compassion for others and flexibility in his approach. The Mughals are known for their contribution to architecture and this Cryptonaut is no different with his help to shape the urban landscape on the moon.",Waxing Gibbous,,Male,Versatility,Kind,,,,
C164,Cryptonaut .164,"Just like her ancestors, .164 is always asking the important philosophical questions. Her capability of higher- order thinking makes this Cryptonaut very alluring to others. Got big questions regarding our existence, this girl is always ready to talk it out.",Waxing Gibbous,,Female,Reliability,Charm,,,,
C165,Cryptonaut .165,"Always among the first to find new land on the moon, .165 and his horned helmet are capable of handling the terrain. Adventure is always just around the corner for this Cryptonaut.",Waxing Gibbous,,Male,Responsibility,Curiosity,,,,
C166,Cryptonaut .166,The inventor of futuristic agricultural practices on the moon. .166 uses his Mayan roots to better the Cryptonaut’s relationship with the land. Ethical harvesting is this Cryptonaut’s main goal.,Waxing Gibbous,,Male,Efficiency,Kind,,,,
C167,Cryptonaut .167,"A U-shaped magnet, attracting all good things, .167 is secure in himself and his ability to talk to the right people at the right time. A bit of a schmoozer, but it’s all okay when it's for the greater good of the Cryptonauts.",Waxing Gibbous,,Male,Luck,Confidence,Sociable,,,
C168,Cryptonaut .168,"Imagine being so creative you could see the notes before you play them. .168 can do just that. But just because she’s a musical genius doesn’t mean her mind lives far away in la la land. No, this Cryptonaut is as present and grounded as they come.",Waxing Gibbous,,Female,Imagination,Conscientiousness,,,,
C169,Cryptonaut .169,"Doesn’t matter if skies are clear or storms roll in, .169 will make it to the other side with steady stride. If that calm confidence weren’t enough, this Cryptonaut knows how to brighten any forecast with undeniable charm.",Waxing Gibbous,,Male,Determination,Charm,,,,
C170,Cryptonaut .170,".170 can climb just about anything. Mountain, building, waterfall- you name it, this Cryptonaut can conquer it. Well aware of his strength, he’s ready for any challenge at a moment’s notice.",Waxing Gibbous,,Male,Adaptability,Confidence,Alert,,,
C171,Cryptonaut .171,".171 doesn’t blink when faced with a blazing, out of control fire. Tackling any problem with serenity and grace, no matter how massive, this Cryptonaut can handle it every single time and those around her rest assured knowing it.",Waxing Gibbous,,Female,Reliability,Calm,,,,
C172,Cryptonaut .172,"The only weapon .172 will pull out is that sharp humor of his. Eager to make everyone laugh, this Cryptonaut is on duty to make sure all are having a good time.",Waxing Gibbous,,Male,Enthusiasm,Wit,,,,
C173,Cryptonaut .173,"Always aware of the quickest route to the destination, .173 never lets a letter arrive late. He knows the Cryptonauts depend on efficient communication, and that’s what makes this cryptonaut an honorable civil servant.",Waxing Gibbous,,Male,Clever,Conscientiousness,,,,
C174,Cryptonaut .174,"No one knows if it’s her serene nature, or unwavering belief that what’s meant to happen will, but .174 embraces the bull running at her with arms wide open. This Cryptonaut is ready for whatever comes charging at her.",Waxing Gibbous,,Female,Faith,Enthusiasm,Calm,,,
C175,Cryptonaut .175,"Everyone is alway welcome at .175’s apiary, especially if you’re down for a good bee joke. This Cryptonaut handles the bees with grace and is in no rush to see results which is why they always make incredible amounts of honey.",Waxing Gibbous,,Female,Sociable,Wit,Calm,,,
C176,Cryptonaut .176,"Never one to miss the moment, you can always count on .176 to guide every arrival with perfect timing. Better yet, give this Cryptonaut a runway, and watch those signals shine the path home. A true champion of direction in every sense of the word.",Waxing Gibbous,,Female,Reliability,Respect,,,,
C177,Cryptonaut .177,"This skillful daredevil knows he can always reach higher and learn tricks he’s never even seen. .177 is very modest considering how brilliant of a biker he is, luckily this modesty doesn’t translate to pessimism since he knows his future can only get brighter from here.",Waxing Gibbous,,Male,Talent,Optimism,Humility,,,
C178,Cryptonaut .178,"With moves no one has ever seen, .178 is an ingenious artist blowing everyone’s mind away. Luckily, this Cryptonaut is as unpretentious as they come. He doesn’t let the talent of his elastic body go to his head.",Waxing Gibbous,,Male,Imagination,Humility,,,,
C179,Cryptonaut .179,.179 knows she will make it to the end of the longest tightrope and that’s much before anyone can walk the same distance. This Cryptonaut knows that being bold is the only way to accomplish her lofty goals.,Waxing Gibbous,,Female,Determination,Efficiency,,,,
C180,Cryptonaut .180,".180 knows that what he puts out into the universe will come swinging back at him, and that just doesn’t go for his boomerang. This Cryptonaut is a believer of good cosmic karma and understands that a great way to achieve that is to keep others laughing.",Waxing Gibbous,,Male,Conscientiousness,Humor,,,,
C181,Cryptonaut .181,"With the ability to play any tune, .181 is always open to requests. He’s eager to learn new chords and captivate the audience because this Cryptonaut can win anyone over with his unforgettable, unique sound.",Waxing Gibbous,,Male,Versatility,Charisma,Curiosity,,,
C182,Cryptonaut .182,.182 is always overjoyed to share his latest tricks. He even teaches others his secrets and never holds back. This Cryptonaut is a kind yo-yo master who shares his skill with others in hopes they will enjoy the beauty of the yo-yo sport as well.,Waxing Gibbous,,Male,Humility,Respect,Generosity,,,
C183,Cryptonaut .183,".183 sees beautiful sights, others can’t even imagine. The magic isn’t in her binoculars, but in her mind. This creative genius is also very giving as she uses her gift to contribute to the design of the universe.",Waxing Gibbous,,Female,Imagination,Generosity,,,,
C184,Cryptonaut .184,"Always shaking to a cheerful melody, .184 is determined to be the moon’s go-to party entertainer. This Cryptonaut always brings his best to the celebration because his job is to make sure every person in the room is having the time of their lives.",Waxing Gibbous,,Male,Optimism,Ambition,,,,
C185,Cryptonaut .185,Her spinning hula hoop mesmerizes all around .185. She then uses that fact to collect donations and give them to those in need. This Cryptonaut is as benevolent as they come.,Waxing Gibbous,,Female,Charm,Generosity,,,,
C186,Cryptonaut .186,"A master builder, .186 lets intelligence reign. He uses his blocks to depict a modern perspective only he can see and doesn’t ask for anything in return. This Cryptonaut is simply happy to be a brick in the final product that is TTM’s future.",Waxing Gibbous,,Male,Logic,Kind,Humility,,,
C187,Cryptonaut .187,"This social butterfly doesn’t need wings, she has a propeller cap that takes her from friend group to friend group. Everyone loves .187 due to her giving, compassionate spirit.",Waxing Gibbous,,Female,Sociable,Kind,Generosity,,,
C188,Cryptonaut .188,"Known as the “kingpin”, .188 is known to hit the center pin every time, and he makes solid strikes doing it! We’re not just talking about fallen pins- this Cryptonaut’s jokes take everyone out with a single roll.",Waxing Gibbous,,Male,Responsibility,Humor,,,,
C189,Cryptonaut .189,".189 always knows the smoothest way from point A to B and is ready for the next run. Known for staying aware of every move around her and never missing the right moment to act, this dependable Cryptonaut rides every path with confidence and control.",Waxing Gibbous,,Female,Alert,Responsibility,,,,
C190,Cryptonaut .190,There’s no point in even trying an extreme sport like fire dancing if you aren’t sure of your capabilities. .190 knows that and is ready to manipulate the flames into any form as he takes his work very seriously. Thank goodness for that because not everyone can handle this heat.,Waxing Gibbous,,Male,Adaptability,Conscientiousness,Confidence,,,
C191,Cryptonaut .191,"Always around to offer a gentle breeze, .191 is a kind soul who’s charity is her trademark. This Cryptonaut always knows the right thing to do and is not afraid to share this insight with others.",Waxing Gibbous,,Female,Respect,Generosity,,,,
C192,Cryptonaut .192,"Always keeping it light with his incredible slinky tricks, .192 is a true artist but will never admit it. This Cryptonaut knows that the real fun is amongst the “amateurs” even though his skill is far beyond that level.",Waxing Gibbous,,Male,Wit,Humility,,,,
C193,Cryptonaut .193,"This yogee understands that his practice is an exploration of all that his body is capable of and .193 is able to do it all. Known as the pretzel, this cryptonaut can move in magnificent ways.",Waxing Gibbous,,Male,Reliability,Curiosity,,,,
C194,Cryptonaut .194,"Somehow, all the pieces just fit together with .194. This Cryptonaut is always looking for the quickest way to see the bigger picture. Her intelligence allows her to work backwards from confusing problems to arrive at a simple solution.",Waxing Gibbous,,Female,Clever,Curiosity,,,,
C195,Cryptonaut .195,"Definitely the loudest of the crowd, .195 is dedicated to supporting those around him, which is what makes him so admired and loved. Nothing can stop this Cryptonaut from being not only a fan, but a true team player.",Waxing Gibbous,,Male,Determination,Charisma,,,,
C196,Cryptonaut .196,".196 trusts his gut when it comes to most things in life and horse jockeying is no different. The fastest racer any planet has ever seen, this Cryptonaut has a gift of pace and keeping hope alive, even when far behind the rest.",Waxing Gibbous,,Male,Faith,Intuition,,,,
C197,Cryptonaut .197,"Lights, camera, action! .197 is the movie star everyone loves to watch, regardless of the fact his camera is always rolling. This Cryptonaut loves to capture the magnificent sights of the moon and everyone loves him for it.",Waxing Gibbous,,Male,Charisma,Charm,,,,
C198,Cryptonaut .198,".198’s unwavering belief in the goodness of all Cryptonauts is as unbreakable as the chains in his hands. This Cryptonaut is also a master at setting up contraptions that lift and transfer power, making him crucial to the moon’s development.",Waxing Gibbous,,Male,Faith,Efficiency,,,,
C199,Cryptonaut .199,"With a knack for geography (of every planet), .199 uses her smarts and instincts to map out ideal travel routes for all. Not only that, she can pinpoint unexplored locations, making her part of the first step when it comes to discovering unchartered territory.",Waxing Gibbous,,Female,Logic,Intuition,,,,
C200,Cryptonaut .200,".200 sees how any situation will play out well before it does. With his creative visions, this Cryptonaut directs the group’s way to overcome obstacles. After all, what good story doesn’t have its setbacks? That is of course if the protagonist wins in the end and .200 makes sure of it.",Waxing Gibbous,,Male,Intuition,Imagination,,,,